TIME(2023/11/07 10:56:49.103),FPOGD,FPOGID,LPMM,RPMM,AOI,
0.05360,0.05361,1,3.34671,2.94256,,
0.23344,0.15350,2,3.21786,2.93879,,
0.45502,0.19417,3,2.94345,2.96655,,
0.72943,0.24808,4,3.18713,3.07517,,
0.98367,0.22749,5,3.14772,2.97138,,
1.17848,0.16774,6,3.77277,3.88189,,
1.26506,0.08009,7,3.09704,2.81308,,
1.45250,0.18094,8,3.63246,3.53200,,
1.61388,0.11336,9,3.07762,2.88137,,
1.82079,0.18018,10,3.28267,3.29265,,
2.00182,0.15416,11,3.77912,3.87463,,
2.33060,0.30142,12,3.77472,3.77843,,
2.55818,0.22137,13,3.86605,3.89060,,
3.24774,0.68326,14,3.65059,3.93632,,
3.39571,0.14021,15,3.95712,3.90541,,
3.63219,0.23039,16,3.80287,2.69848,,
3.75711,0.11789,17,2.83976,2.61494,,
3.94492,0.16055,18,2.80521,2.39730,,
4.25974,0.30800,19,2.93497,2.60153,,
4.41988,0.15343,20,3.13702,2.81318,ST-Full,
4.67461,0.18712,21,3.08208,2.86187,TT-Full,
4.88841,0.18684,22,3.13841,3.06099,Full,
5.10991,0.19450,23,3.15122,3.01512,ST-Full,
5.21091,0.09447,24,3.13594,2.97882,ST-Full-W6-W7,
5.40469,0.18709,25,4.28871,3.00551,ST-Full-W5,
5.60638,0.17415,26,3.98806,3.17069,ST-Full,
5.79367,0.15987,27,3.46423,3.06572,ST-Full,
7.15289,1.35254,28,3.38459,2.95889,ST-Full-W1,
7.37448,0.21487,29,3.37528,2.98064,ST-Full,
7.71571,0.33450,30,3.39358,2.97949,ST-Full,
7.88998,0.16768,31,3.47196,3.00326,ST-Full,
8.37228,0.47505,32,3.41148,3.05358,ST-Full,
8.53960,0.16057,33,3.40689,2.99848,ST-Full,
8.92801,0.38132,34,3.47714,2.99650,ST-Full-W1,
9.17635,0.24147,35,3.44334,2.99694,ST-Full-W1,
9.33041,0.14792,36,3.44499,2.99097,ST-Full-W1,
9.57164,0.23454,37,3.35527,2.95156,ST-Full,
9.69829,0.12048,38,3.31375,2.91194,ST-Full-W2,
9.81897,0.11327,39,3.23012,2.81132,ST-Full,
10.26820,0.44283,40,3.36347,2.90979,ST-Full-W1,
10.52296,0.24786,41,3.38184,2.92067,ST-Full,
11.32652,0.79756,42,3.37135,2.99515,ST-Full,
11.63464,0.30162,43,3.41258,2.92989,ST-Full,
11.76888,0.12753,44,3.43788,2.88464,ST-Full-W1,
12.07675,0.30200,45,3.33913,2.90742,ST-Full-W1,
12.43846,0.35503,46,3.41350,2.98421,ST-Full-W1,
12.98070,0.53596,47,3.25814,2.91664,ST-Full,
13.26253,0.27481,48,3.27879,2.89514,ST-Full,
13.38293,0.11354,49,3.27420,2.88598,ST-Full,
13.77121,0.38200,50,3.23888,2.91675,ST-Full,
14.22722,0.44949,51,3.17765,2.86545,ST-Full,
14.59532,0.36171,52,3.14522,2.94281,ST-Full,
16.05557,1.45355,53,3.22741,2.88520,ST-Full,
16.20963,0.14732,54,3.24340,2.96740,ST-Full-W3,
16.69867,0.48300,55,3.16205,2.95268,ST-Full,
17.35506,0.64977,56,3.17079,2.96105,ST-Full,
18.06458,0.70277,57,3.21358,3.01192,ST-Full,
19.22391,1.15205,58,3.27369,3.10691,ST-Full,
19.81963,0.58876,59,3.22648,3.08782,ST-Full,
20.00761,0.18103,60,3.22784,3.08330,ST-Full-W5,
20.31572,0.30176,61,3.28941,3.13633,ST-Full,
21.17316,0.85072,62,3.08912,2.98176,ST-Full-W6,
23.26971,2.08989,63,3.12883,2.99180,ST-Full-W7,
23.49077,0.21431,64,3.15663,2.98445,ST-Full-W7,
23.67117,0.17371,65,3.13753,3.00743,ST-Full-W8,
24.21466,0.53635,66,3.10350,2.95107,ST-Full-W8,
24.38835,0.16788,67,3.04989,3.00888,ST-Full,
24.54939,0.15456,68,3.14854,3.02233,ST-Full,
24.79723,0.18106,69,3.23255,2.96987,ST-Full-W1-W12,
25.15866,0.35574,70,3.12359,2.78825,ST-Full-W10,
25.44017,0.27483,71,3.04231,2.67088,ST-Full-W1-W10,
25.90155,0.45541,72,2.93231,2.70246,ST-Full-W1-W11,
26.06293,0.15405,73,3.01604,2.69239,ST-Full-W1,
27.22873,1.15910,74,3.22121,2.84510,ST-Full-W12,
27.85139,0.61624,75,3.17079,2.80925,ST-Full-W12,
28.05850,0.20039,76,3.16866,2.76271,ST-Full-W12,
28.20668,0.14079,77,3.12420,2.83788,ST-Full-W1,
28.48773,0.27435,78,3.90595,2.86562,ST-Full-W2,
28.73560,0.24170,79,3.94020,2.75817,ST-Full-W2-W14,
29.86763,1.12558,80,4.08210,2.81832,ST-Full-W2-W14,
30.15599,0.26132,81,3.88572,2.76990,ST-Full-W3-W4,
30.25580,0.09341,82,4.08920,2.83577,ST-Full-W4,
30.45705,0.19461,83,3.91168,4.03854,ST-Full-W2,
30.55084,0.08765,84,3.01228,2.78308,ST-Full-W14,
31.04652,0.48897,85,3.00965,2.74361,ST-Full-W2,
31.41493,0.36230,86,4.04050,2.82454,ST-Full-W2-W14,
32.21875,0.79712,87,3.99467,2.82780,ST-Full-W2,
32.39290,0.16747,88,4.12641,4.06408,ST-Full-W2,
32.53357,0.13397,89,3.77802,4.10753,ST-Full-W14,
32.82829,0.28799,90,3.99697,3.78396,ST-Full-W14,
32.96233,0.12735,91,4.05847,2.87558,ST-Full-W14,
33.14937,0.18040,92,4.07663,2.87780,ST-Full-W14,
33.47763,0.32169,93,3.98365,2.99147,ST-Full-W3,
34.52968,1.04489,94,4.10474,2.85186,ST-Full-W4,
34.98477,0.44897,95,3.91132,2.81775,ST-Full-W3-W4,
35.20593,0.21431,96,3.82392,2.66055,ST-Full-W3,
35.64793,0.31438,97,4.17854,2.94499,ST-Full-W4,
35.84189,0.18732,98,4.06550,2.88023,ST-Full-W5,
36.37843,0.52963,99,4.12569,2.96310,ST-Full-W3,
36.66672,0.28159,100,4.01997,2.88549,ST-Full-W3,
37.23560,0.56235,101,4.19749,2.95887,ST-Full-W3-W4,
37.53058,0.28802,102,3.90973,2.92225,ST-Full-W4,
38.44847,0.91196,103,3.90505,2.83550,ST-Full-W4-W5,
38.88367,0.38814,104,3.16290,2.79916,ST-Full-W1,
39.01057,0.12025,105,3.88852,2.84738,ST-Full,
39.25824,0.22110,106,3.91226,2.76043,ST-Full-W4,
39.74049,0.47548,107,4.00550,2.79094,ST-Full-W4,
40.35056,0.60281,108,3.94540,2.91525,ST-Full-W4,
40.96681,0.61008,109,3.94553,2.82188,ST-Full-W4-W5,
41.35478,0.38162,110,3.91891,2.85736,ST-Full-W4,
41.60953,0.24771,111,3.92089,2.89497,ST-Full-W5-W16,
42.16566,0.54919,112,3.90015,2.83992,ST-Full-W5-W16,
42.34644,0.17392,113,3.17555,2.96690,ST-Full-W5,
42.82243,0.42886,114,3.23607,2.83846,ST-Full,
44.03467,1.20581,115,3.23539,2.93304,ST-Full,
44.89201,0.85065,116,3.21809,2.79722,ST-Full-W1,
45.01189,0.11313,117,3.20902,2.81364,ST-Full,
45.74919,0.73039,118,3.17010,2.80818,ST-Full,
45.99060,0.23489,119,3.15197,2.81480,ST-Full,
46.12447,0.12741,120,3.15528,2.74297,ST-Full,
46.47287,0.34161,121,3.13123,2.76724,ST-Full,
46.64005,0.16020,122,3.13260,2.76833,ST-Full,
46.83459,0.18755,123,3.13403,2.80306,ST-Full-W1,
47.09543,0.25412,124,3.12120,2.81572,ST-Full,
47.24989,0.14780,125,3.10291,2.77053,ST-Full,
47.34366,0.08707,126,3.87763,2.83857,ST-Full-W2,
47.52452,0.15407,127,3.07930,2.83563,ST-Full,
47.71182,0.16086,128,3.64863,2.91984,TT-Full,
47.91972,0.16129,129,3.14511,2.82298,ST-Full-W14,
48.15416,0.20810,130,3.18590,2.82693,ST-Full,
48.32832,0.16740,131,3.20867,2.86203,ST-Full,
48.92448,0.58932,132,3.21513,2.88757,ST-Full,
49.14551,0.21484,133,3.19180,2.90695,ST-Full,
49.52029,0.36877,134,3.17106,2.85005,ST-Full,
49.90915,0.38194,135,3.22100,2.86013,ST-Full,
50.11011,0.19475,136,3.19486,2.89580,ST-Full,
50.41821,0.30112,137,3.11748,2.85818,ST-Full,
50.63260,0.20792,138,3.08604,2.87360,ST-Full-W2,
50.81293,0.17368,139,3.00279,2.84057,ST-Full,
51.01445,0.19478,140,3.15701,2.89901,ST-Full,
51.61703,0.59653,141,2.99957,2.85936,ST-Full,
51.93819,0.31425,142,3.12343,2.86530,ST-Full,
52.86981,0.92436,143,3.13150,2.94491,ST-Full,
53.33144,0.45493,144,3.12572,2.92711,ST-Full,
53.51286,0.17462,145,3.12937,2.89731,ST-Full,
54.19611,0.67625,146,4.12075,2.88924,ST-Full,
54.43671,0.23438,147,3.12696,2.93251,ST-Full,
54.73196,0.28796,148,3.14765,2.96777,ST-Full,
54.95302,0.21436,149,3.12072,2.93791,ST-Full,
55.43517,0.47543,150,3.14841,2.95802,ST-Full,
55.90349,0.46150,151,3.17804,2.92675,ST-Full,
57.09697,1.18608,152,4.39211,3.11606,ST-Full,
57.29024,0.18764,153,3.29493,3.04997,ST-Full,
57.84692,0.54918,154,3.16753,3.03499,ST-Full,
58.02115,0.16743,155,3.17403,2.97146,ST-Full-W5,
58.36247,0.33485,156,3.14325,2.96706,ST-Full,
58.49622,0.12701,157,3.09420,2.94878,ST-Full-W5,
58.61671,0.11404,158,3.11876,2.94560,,
58.86485,0.24164,159,3.04837,2.90969,ST-Full,
59.15230,0.28172,160,3.11404,2.93526,ST-Full,
59.74243,0.58339,161,3.01294,2.85736,ST-Full,
59.86989,0.12134,162,3.03253,2.78408,ST-Full,
60.00360,0.12724,163,2.98763,2.77463,ST-Full,
60.33118,0.32091,164,3.09221,2.89494,ST-Full,
60.53946,0.20094,165,3.08249,2.86951,ST-Full,
60.70009,0.15393,166,3.09134,2.83875,ST-Full-W6,
60.82748,0.12091,167,3.11447,2.80201,ST-Full,
60.93466,0.10100,168,2.98617,2.86588,ST-Full,
61.22939,0.26794,169,3.06886,2.88565,ST-Full-W7,
61.45042,0.21432,170,3.13476,2.85233,ST-Full-W6,
61.68466,0.20802,171,3.02009,2.78677,ST-Full,
62.05328,0.36215,172,2.98012,2.81095,ST-Full,
62.15994,0.09981,173,2.97664,2.77806,ST-Full,
62.26076,0.09383,174,3.05276,2.83232,ST-Full-W5,
62.43491,0.16769,175,2.94434,2.84399,ST-Full,
63.33913,0.89711,176,2.98571,2.91048,ST-Full-W7,
63.47287,0.12727,177,2.93630,2.92248,ST-Full-W7,
63.86882,0.38925,178,3.00343,2.82984,ST-Full-W7,
64.14326,0.26802,179,2.99852,2.89634,ST-Full-W7-W8,
64.46416,0.31425,180,2.99391,2.84058,ST-Full-W8,
64.59857,0.12718,181,2.98414,2.93173,ST-Full-W8,
64.77954,0.17418,182,2.98741,2.91441,ST-Full-W9,
65.04745,0.18112,183,3.09549,2.82166,ST-Full-W1-W12,
65.26180,0.20760,184,3.13204,2.77325,ST-Full-W1,
65.61012,0.34163,185,3.01745,2.69947,ST-Full-W1-W10,
66.23976,0.62296,186,3.14275,2.75447,ST-Full-W11-W12,
66.66103,0.41455,187,4.10332,4.22295,ST-Full-W1-W12,
66.78256,0.11404,188,3.90139,3.79527,ST-Full-W12,
67.07675,0.28772,189,3.93655,2.84914,ST-Full-W12-W13,
67.30441,0.22115,190,3.96044,2.84377,ST-Full-W2,
67.63972,0.32823,191,3.94549,3.82955,ST-Full-W2,
67.82755,0.18106,192,4.01449,2.74351,ST-Full-W2-W14,
68.06793,0.23438,193,3.85187,2.75122,ST-Full-W2,
68.18182,0.10640,194,4.11480,2.87274,ST-Full-W2,
68.64400,0.45499,195,3.85970,2.82542,ST-Full-W2,
68.86494,0.21336,196,3.95861,2.81146,ST-Full-W3,
68.98610,0.11430,197,4.06202,2.78889,ST-Full-W3,
69.27420,0.28140,198,3.77023,2.81749,ST-Full-W4,
69.67603,0.39597,199,3.89592,3.81923,ST-Full-W3,
69.91046,0.22809,200,3.85511,2.70000,ST-Full-W14,
70.21190,0.29498,201,4.06645,2.71348,ST-Full-W2,
70.43294,0.21410,202,3.86937,3.78728,ST-Full-W2,
70.65398,0.21407,203,3.94923,4.05481,ST-Full-W2,
70.81430,0.15363,204,3.93502,3.98152,ST-Full-W2-W13,
71.05565,0.23465,205,3.90561,3.95898,ST-Full,
71.25626,0.19418,206,3.87663,2.78002,ST-Full-W14,
71.41090,0.14706,207,3.87894,4.10977,ST-Full-W2,
71.69173,0.27388,208,3.90971,4.04254,ST-Full-W2,
72.02002,0.30139,209,3.81920,3.93192,ST-Full-W14,
72.34137,0.31422,210,3.91429,3.95262,ST-Full-W14,
72.50943,0.16098,211,3.94936,3.87428,ST-Full-W14,
72.66994,0.15373,212,3.83781,3.85357,ST-Full-W2-W14,
72.97130,0.29462,213,3.84469,2.81890,ST-Full-W14,
73.23907,0.26044,214,3.85762,2.78055,ST-Full-W3,
73.56108,0.31448,215,3.92666,2.75785,ST-Full-W4,
73.98306,0.41550,216,3.83018,2.68162,ST-Full-W4,
74.29124,0.30197,217,3.81135,2.68219,ST-Full-W4,
74.53235,0.23445,218,3.71904,2.71026,ST-Full-W4,
74.69315,0.15453,219,3.87966,2.68218,ST-Full-W5-W16,
74.92085,0.18059,220,2.96590,2.67654,ST-Full,
75.07478,0.14725,221,2.99531,2.65760,ST-Full-W1,
75.47681,0.39519,222,3.00741,2.73646,ST-Full-W1,
75.93900,0.45581,223,2.92499,2.60624,ST-Full-W1,
76.22667,0.28096,224,3.02209,2.68633,ST-Full,
76.45447,0.22089,225,2.89917,2.41066,ST-Full-W1,
76.64908,0.10736,226,3.05023,2.73273,ST-Full-W1,
77.13800,0.48228,227,3.11765,2.75445,ST-Full-W1,
77.64708,0.50264,228,3.20360,2.92591,ST-Full,
78.46428,0.81099,229,3.28580,2.93547,ST-Full,
79.02695,0.55592,230,3.17926,2.99223,ST-Full,
79.89104,0.85725,231,3.34043,2.98708,ST-Full,
80.28589,0.38815,232,3.39095,2.96959,ST-Full-W1,
80.70131,0.40892,233,3.39365,2.99645,ST-Full-W1,
81.19052,0.48276,234,3.42227,2.94853,ST-Full-W1,
81.74007,0.54312,235,3.34329,2.92804,ST-Full-W1,
82.57652,0.82997,236,3.28233,2.96330,ST-Full-W1,
82.74455,0.16124,237,3.23552,2.92565,ST-Full-W1,
83.03867,0.28743,238,3.23383,2.89529,ST-Full-W1,
83.16022,0.11432,239,3.13682,2.87335,ST-Full,
83.44731,0.28093,240,3.04462,2.82915,ST-Full-W2,
83.82962,0.37502,241,3.06629,2.92770,ST-Full-W3,
84.19168,0.35556,242,3.04726,2.85178,ST-Full,
84.37236,0.17392,243,3.04123,2.85642,ST-Full,
84.66006,0.28111,244,3.17676,2.92642,ST-Full,
84.83444,0.16801,245,3.16735,2.95450,ST-Full,
85.15569,0.31438,246,3.09982,2.99005,ST-Full,
85.43007,0.26741,247,3.10754,2.90873,ST-Full,
85.71861,0.28186,248,3.13875,2.88013,ST-Full,
85.94637,0.20096,249,3.14293,2.83754,ST-Full-W1,
86.36169,0.40863,250,3.16334,2.79084,ST-Full-W1,
86.61620,0.24785,251,3.16503,2.82476,ST-Full-W1,
87.14537,0.52248,252,3.06941,2.80531,ST-Full,
87.57411,0.42239,253,3.19172,2.89241,ST-Full-W1,
88.32443,0.74367,254,3.19761,2.91920,ST-Full,
88.78625,0.45552,255,3.23805,2.92929,ST-Full,
88.92719,0.13402,256,3.21679,2.88453,ST-Full-W1,
89.29553,0.36171,257,3.27774,2.98551,ST-Full,
89.95216,0.65004,258,3.23995,2.90408,ST-Full,
90.09229,0.13361,259,3.23197,2.89773,ST-Full,
90.23315,0.13380,260,3.24270,2.87356,ST-Full-W1,
90.90263,0.66263,261,3.29084,2.94623,ST-Full-W1,
91.03661,0.12746,262,3.32438,2.95598,ST-Full,
91.53951,0.49597,263,3.28276,2.94418,ST-Full,
91.77393,0.22769,264,3.24236,2.86327,ST-Full,
92.52400,0.74307,265,3.10848,2.84409,ST-Full-W1,
93.27449,0.74364,266,3.04325,2.73963,ST-Full-W1,
93.40834,0.12718,267,3.01764,2.79184,ST-Full-W1,
93.57529,0.16023,268,3.03832,2.75582,ST-Full-W1,
94.02460,0.44254,269,3.10600,2.81310,ST-Full,
94.50687,0.47557,270,3.01590,2.75126,ST-Full,
94.72792,0.21434,271,2.98909,2.78671,ST-Full-W2,
94.98889,0.25427,272,2.96380,2.73049,ST-Full,
95.10921,0.11377,273,2.95529,2.78529,ST-Full,
95.39774,0.28177,274,2.98182,2.77891,ST-Full,
95.67245,0.26796,275,3.03741,2.77476,ST-Full,
96.06090,0.38181,276,3.16566,2.91970,ST-Full-W2,
96.42229,0.35469,277,4.22126,3.04539,ST-Full,
96.50967,0.08089,278,3.64927,3.17565,ST-Full,
96.76392,0.18777,279,3.83416,3.65751,,
96.95848,0.18755,280,3.56775,3.47656,,
97.29343,0.30811,281,3.67472,3.50089,,
97.61494,0.31522,282,3.59773,3.58837,,
97.68861,0.04605,283,2.47177,2.39508,,
97.93648,0.14091,284,3.87887,3.40835,ST-Full-W16,
98.70004,0.71666,285,3.10033,3.11400,TT-Full,
100.66936,1.96260,286,3.24341,3.29451,TT-Full,
101.09137,0.33488,287,3.62749,3.43653,,
101.37277,0.25455,288,3.87993,3.65232,,
101.55363,0.17479,289,3.95280,3.68611,,
101.70766,0.14740,290,3.76898,3.62879,,
102.00861,0.27481,291,3.97628,3.92056,,
102.14258,0.12717,292,4.35187,4.01910,,
102.24313,0.07359,293,2.81446,3.06119,,
102.46428,0.11412,294,3.55965,3.60371,ST-Full,
102.81956,0.34879,295,3.15693,3.27696,TT-Full,
103.13446,0.30884,296,3.02456,3.18619,TT-Full,
103.42909,0.28802,297,3.07175,3.18360,TT-Full,
103.97130,0.53601,298,3.11745,3.17349,TT-Full,
106.69795,2.71954,299,3.34481,3.40377,TT-Full,
106.93880,0.15454,300,3.75233,3.75548,,
107.17357,0.22781,301,3.79979,3.65045,,
107.27397,0.09378,302,3.58670,3.42860,,
107.50841,0.16748,303,3.54942,3.54679,TT-Full,
108.63374,1.11865,304,3.13331,3.20175,TT-Full,
108.86147,0.18060,305,3.88400,2.99020,ST-Full-W6,
109.10262,0.21432,306,3.22728,2.92295,ST-Full-W2,
109.27632,0.16672,307,3.30881,2.97516,ST-Full-W1,
109.49779,0.21454,308,3.22994,2.90729,ST-Full,
109.91310,0.40912,309,3.13137,2.80919,ST-Full-W1,
110.01601,0.09619,310,3.03831,2.86106,ST-Full,
110.26796,0.24429,311,3.03278,2.88342,ST-Full,
110.38814,0.11389,312,3.06905,2.86172,ST-Full,
110.55617,0.16122,313,3.11107,2.83736,ST-Full,
110.81020,0.24734,314,3.14105,2.91132,ST-Full,
111.29237,0.47537,315,3.14065,2.82383,ST-Full,
111.56093,0.26126,316,3.19786,2.81083,ST-Full,
111.92216,0.33472,317,3.13320,2.94300,ST-Full,
112.16997,0.24106,318,3.07633,2.87817,ST-Full,
112.54558,0.36813,319,3.15788,2.92026,ST-Full,
112.75993,0.20761,320,3.22908,2.94689,ST-Full,
113.82515,1.05853,321,3.17150,2.95537,ST-Full,
114.68184,0.85065,322,3.17388,2.91251,ST-Full,
115.59334,0.90427,323,3.07395,2.95163,ST-Full,
115.78773,0.18771,324,3.18755,2.93634,ST-Full,
115.95503,0.16125,325,3.17208,2.92299,ST-Full,
116.13576,0.17398,326,3.06300,2.86868,ST-Full,
116.27660,0.13373,327,3.10614,2.82460,ST-Full,
116.55080,0.26752,328,3.03408,2.83308,ST-Full,
116.90620,0.34830,329,3.05578,2.84251,ST-Full,
117.30775,0.39484,330,3.04554,2.85775,ST-Full,
117.57603,0.26175,331,3.04865,2.80854,ST-Full,
117.71004,0.12756,332,3.10395,2.84922,ST-Full,
118.00475,0.28802,333,3.03433,2.84012,ST-Full,
118.19197,0.18027,334,2.97458,2.85380,ST-Full-W4,
118.39351,0.19501,335,3.02455,2.78238,ST-Full,
118.64110,0.24146,336,3.13233,2.78012,ST-Full,
118.86882,0.22101,337,3.10797,2.73460,ST-Full,
119.06261,0.18762,338,3.07026,2.68768,ST-Full,
119.17662,0.10733,339,3.09057,2.70333,ST-Full-W1,
119.58583,0.40268,340,2.99582,2.76023,ST-Full,
120.33577,0.74350,341,3.08744,2.80991,ST-Full,
120.62358,0.26071,342,3.05834,2.76003,ST-Full,
120.73769,0.10727,343,3.06112,2.76550,ST-Full,
120.97896,0.23514,344,3.01232,2.77817,ST-Full,
121.37349,0.38797,345,3.01825,2.80317,ST-Full,
121.61516,0.23471,346,3.05258,2.74912,ST-Full-W2,
122.35832,0.73703,347,3.19353,2.91008,ST-Full,
122.56633,0.14066,348,2.94556,2.95657,TT-Full,
123.12883,0.55634,349,2.88358,2.86520,TT-Full,
123.36296,0.10721,350,3.53219,3.23084,,
123.63100,0.26086,351,3.02084,2.83267,,
123.85240,0.13397,352,3.32437,3.27459,TT-Full,
124.36842,0.50931,353,3.12019,3.11211,TT-Full,
124.52895,0.15445,354,3.14011,2.88415,TT-Full,
124.91728,0.32184,355,3.44106,3.36515,,
125.19807,0.19385,356,3.22706,3.23270,TT-Full,
125.33882,0.13382,357,3.33170,3.17669,TT-Full,
125.60741,0.22107,358,3.98029,2.97859,ST-Full-W3,
125.83513,0.20096,359,3.32861,2.96120,ST-Full,
126.14268,0.30084,360,3.32387,3.02409,ST-Full,
126.67873,0.52878,361,3.22535,2.91387,ST-Full,
126.94710,0.26126,362,3.21389,2.98264,ST-Full,
127.06093,0.10718,363,2.54128,2.77107,ST-Full,
127.24086,0.15359,364,3.25683,2.88205,ST-Full-W1,
127.57002,0.32153,365,3.36870,2.97115,ST-Full-W1,
128.19926,0.62253,366,3.43827,3.07665,ST-Full,
128.46761,0.26126,367,3.53064,3.13544,ST-Full-W1,
128.88960,0.41531,368,3.36625,3.01384,ST-Full,
129.09660,0.20004,369,3.36414,3.09398,ST-Full-W1,
129.27763,0.17404,370,3.31717,3.00382,ST-Full-W1,
129.75984,0.47525,371,3.25953,2.94099,Full,
130.00822,0.24115,372,3.15380,2.88676,Full,
130.26231,0.24741,373,3.07901,2.84771,ST-Full,
130.53023,0.26028,374,3.04567,2.83693,ST-Full,
130.79887,0.26147,375,3.12194,2.80536,ST-Full,
131.01967,0.21457,376,3.06123,2.85796,ST-Full-W1,
131.44170,0.41599,377,3.10850,2.89452,ST-Full,
132.20485,0.75693,378,3.15353,2.89587,ST-Full,
132.57445,0.36246,379,3.17243,2.81490,ST-Full-W1,
132.69377,0.11343,380,3.15224,2.88284,ST-Full-W1,
133.11629,0.41568,381,3.06156,2.90186,ST-Full,
133.24306,0.12012,382,3.02179,2.82305,ST-Full,
133.51817,0.26828,383,3.03709,2.79588,ST-Full,
133.96721,0.44235,384,2.87512,2.70250,ST-Full,
134.38234,0.40903,385,2.89647,2.74675,ST-Full-W3,
134.68315,0.29401,386,3.00720,2.83436,ST-Full,
134.98509,0.29471,387,3.00878,2.80712,ST-Full,
135.29991,0.30814,388,3.10700,2.84959,ST-Full-W2,
135.66789,0.36127,389,3.08148,2.93362,ST-Full-W2,
136.06352,0.38828,390,3.10622,2.91597,ST-Full-W2,
136.30495,0.21463,391,3.05583,2.91294,ST-Full,
136.47887,0.16751,392,3.04346,2.91665,ST-Full,
136.82045,0.33493,393,3.00339,2.89957,ST-Full,
137.22908,0.40195,394,2.99307,2.80306,ST-Full,
137.55061,0.31525,395,2.90174,2.83897,ST-Full-W5,
137.97926,0.42215,396,2.98100,2.79727,ST-Full,
138.78975,0.80374,397,2.91729,2.79509,ST-Full,
139.20509,0.40863,398,2.91781,2.78435,ST-Full,
140.29695,1.08566,399,2.94771,2.82293,ST-Full,
140.62459,0.32098,400,2.89967,2.79846,ST-Full,
141.01311,0.38129,401,2.90233,2.79628,ST-Full,
141.45583,0.43549,402,2.88651,2.72877,ST-Full,
141.68346,0.22104,403,2.86943,2.73562,ST-Full,
141.90453,0.21439,404,2.84217,2.77123,ST-Full,
142.13872,0.22800,405,2.87425,2.74334,ST-Full-W5,
142.37285,0.22748,406,2.84873,2.74219,ST-Full-W5,
142.66811,0.28799,407,2.87323,2.75641,ST-Full,
142.82167,0.14685,408,2.89208,2.81591,ST-Full,
143.04256,0.21381,409,2.85664,2.76096,ST-Full,
143.15739,0.10745,410,2.66558,2.73988,ST-Full,
143.47157,0.14716,411,2.95174,2.85733,ST-Full,
144.06090,0.58286,412,2.85659,2.76078,ST-Full,
144.19542,0.12729,413,2.84535,2.85578,ST-Full,
144.34236,0.14041,414,2.92287,2.83270,ST-Full,
144.48311,0.13385,415,3.14757,2.96576,ST-Full,
144.72450,0.21436,416,2.97174,2.99048,ST-Full,
145.56850,0.83728,417,2.93294,2.88240,ST-Full-W7,
145.88951,0.31424,418,2.96464,2.99264,ST-Full-W8,
146.05080,0.15454,419,2.93911,2.96156,ST-Full-W8,
146.26512,0.20761,420,3.09653,2.98799,ST-Full-W9,
146.49959,0.16791,421,3.06685,2.78137,ST-Full-W12,
146.72063,0.21436,422,3.02232,2.82058,ST-Full-W1,
146.94838,0.16077,423,2.82636,2.78020,ST-Full-W8,
147.10262,0.14752,424,3.00902,2.90746,ST-Full-W9,
147.38380,0.21439,425,4.01261,2.70504,ST-Full-W12,
147.80577,0.41531,426,2.98795,2.76127,ST-Full-W1-W12,
147.99950,0.18704,427,4.19479,2.64687,ST-Full-W11,
148.28194,0.27567,428,4.20110,2.66002,ST-Full-W1-W12,
148.58952,0.30148,429,4.11298,2.71398,ST-Full-W1,
148.74992,0.15369,430,4.16896,2.68870,ST-Full-W12,
149.60069,0.84372,431,3.96844,2.73387,ST-Full-W1,
150.02293,0.41531,432,4.20777,2.47485,ST-Full-W1-W12,
150.36452,0.15414,433,2.98675,4.30619,ST-Full-W12,
150.47173,0.10049,434,4.07902,2.72236,ST-Full-W12,
150.65245,0.17401,435,3.01111,2.63316,ST-Full-W1,
150.92747,0.26822,436,2.98993,2.63204,ST-Full-W1,
151.05458,0.12109,437,3.01339,2.77464,ST-Full-W12,
151.43629,0.37543,438,3.95732,4.01395,ST-Full-W1,
151.82521,0.38223,439,3.97020,4.02818,ST-Full-W1,
152.11247,0.28149,440,3.91065,3.86764,ST-Full-W12,
152.25981,0.14029,441,4.00626,3.93380,ST-Full-W13,
152.93047,0.66412,442,3.89078,4.13303,ST-Full-W2-W14,
153.84770,0.91101,443,3.84077,2.94322,ST-Full-W2-W14,
154.16920,0.31482,444,3.88472,2.94796,ST-Full-W3,
154.51082,0.33466,445,3.86324,2.84942,ST-Full-W4,
154.67116,0.15363,446,3.95490,2.82821,ST-Full-W3-W4,
154.89879,0.22083,447,3.97864,2.76369,ST-Full-W3,
155.72993,0.82443,448,3.88998,2.89346,ST-Full-W3-W4,
156.45934,0.72272,449,3.84599,3.02483,ST-Full-W5,
156.70061,0.21426,450,2.95014,3.04611,ST-Full-W7,
156.85524,0.14795,451,3.07200,3.05935,ST-Full-W8,
157.14998,0.22772,452,4.08156,3.95832,ST-Full,
157.38441,0.20764,453,3.12051,3.91254,ST-Full-W2,
157.77962,0.38852,454,3.20633,2.89834,ST-Full-W1-W12,
157.96046,0.17490,455,3.92745,3.81855,ST-Full-W1,
158.14296,0.15619,456,3.93941,3.97233,ST-Full-W3,
158.52992,0.38159,457,3.89300,4.01018,ST-Full-W3,
159.37383,0.83774,458,4.05274,2.82544,ST-Full-W4,
159.82933,0.44879,459,3.96653,2.92471,ST-Full-W4-W5,
160.03700,0.20099,460,4.05256,2.83594,ST-Full-W5,
160.26445,0.22076,461,3.97394,4.12261,ST-Full-W3-W4,
160.61928,0.34787,462,3.90689,2.87120,ST-Full-W3,
160.93456,0.30853,463,3.79886,3.78786,ST-Full-W4,
161.36995,0.42902,464,3.91610,3.70831,ST-Full-W3,
161.48384,0.10760,465,3.87664,4.09350,ST-Full-W2,
161.81163,0.32147,466,3.88158,3.71075,ST-Full-W2,
162.06685,0.24838,467,4.10740,3.70194,ST-Full-W14,
162.18669,0.11383,468,4.02982,2.65452,ST-Full-W13,
162.31441,0.12054,469,4.01126,2.62057,ST-Full-W13,
162.56224,0.24112,470,4.09658,3.72125,ST-Full-W2,
162.93016,0.36121,471,3.86329,3.72091,ST-Full-W14,
163.17216,0.23508,472,3.84575,3.72384,ST-Full-W14,
163.36543,0.18735,473,3.92516,3.78954,ST-Full-W2-W14,
163.51369,0.14139,474,4.01198,2.74451,ST-Full-W14,
163.62059,0.10046,475,4.00980,3.78259,ST-Full-W13,
163.74785,0.12100,476,4.01826,2.75718,ST-Full-W12-W13,
163.90852,0.15396,477,3.83190,3.80458,ST-Full-W1,
164.06966,0.15482,478,3.13243,2.81908,ST-Full-W12,
164.48497,0.40884,479,4.07616,3.87223,ST-Full-W11,
164.68544,0.19461,480,3.96936,3.94459,ST-Full-W1,
164.79903,0.10724,481,3.95543,3.98521,ST-Full-W13,
164.94597,0.13977,482,3.85151,3.82963,ST-Full,
165.10097,0.14740,483,3.98747,3.80985,ST-Full-W14,
165.22151,0.11386,484,3.77434,3.73292,ST-Full-W14,
166.00517,0.77710,485,3.90399,3.98598,ST-Full-W2,
166.17274,0.16132,486,3.81265,3.86489,ST-Full-W2,
166.52769,0.34833,487,3.83282,3.90373,ST-Full-W2-W14,
167.01665,0.48227,488,4.00766,3.95999,ST-Full-W2,
167.31139,0.28857,489,3.76680,3.69164,ST-Full-W2-W14,
167.66588,0.16708,490,3.92921,3.99279,ST-Full-W2-W14,
168.05449,0.38113,491,3.68965,2.83340,ST-Full-W3,
168.40993,0.34833,492,3.92757,2.97215,ST-Full-W4,
168.75822,0.30139,493,2.92344,2.92839,ST-Full-W8,
168.93239,0.16757,494,2.94600,2.90081,ST-Full-W9,
169.15364,0.21451,495,2.87210,2.92420,ST-Full-W8,
169.42809,0.26767,496,3.01875,2.98251,ST-Full-W7,
169.62880,0.19424,497,3.05229,3.00575,ST-Full-W7,
169.78978,0.15457,498,3.10230,3.03443,ST-Full-W6,
170.09123,0.27466,499,3.08672,3.07193,ST-Full-W8,
170.54671,0.44934,500,3.16869,3.15820,ST-Full-W7,
170.64049,0.08710,501,3.32066,3.19032,ST-Full-W6,
171.00218,0.35544,502,4.44732,3.10765,ST-Full,
171.19002,0.18085,503,3.31333,3.19461,ST-Full,
171.36391,0.14734,504,3.25021,2.98854,ST-Full-W3,
171.60457,0.21439,505,3.23066,2.89995,ST-Full-W2,
171.73903,0.12766,506,3.18022,2.88316,ST-Full,
171.93275,0.18771,507,3.13223,2.89956,ST-Full-W1,
172.43565,0.49615,508,3.11023,2.80243,ST-Full,
172.67708,0.23468,509,3.08484,2.87612,ST-Full,
172.95766,0.27417,510,3.13355,2.89536,ST-Full,
173.06480,0.09998,511,3.13352,2.81870,ST-Full,
173.17226,0.10028,512,3.08887,2.85263,ST-Full-W1,
173.46700,0.28827,513,3.12116,2.82976,ST-Full-W1,
174.18428,0.71100,514,3.08939,2.85437,ST-Full,
174.47142,0.28122,515,3.13689,2.86869,,
174.65935,0.18121,516,3.11052,2.88184,ST-Full-W1,
175.07481,0.40878,517,3.16769,2.81005,ST-Full,
175.42982,0.34833,518,3.17331,2.81646,ST-Full-W1,
175.69106,0.25455,519,3.12894,2.83670,ST-Full-W1,
176.31383,0.61578,520,3.14245,2.84103,ST-Full,
176.41454,0.09357,521,3.12625,2.90634,ST-Full,
176.68266,0.26151,522,3.15467,2.88581,ST-Full-W2,
176.83647,0.14758,523,3.15873,2.83832,ST-Full-W2,
176.99007,0.12668,524,3.17490,2.83789,ST-Full-W1,
177.12480,0.12756,525,3.14895,2.88493,ST-Full-W1,
177.49290,0.36243,526,3.13421,2.84861,ST-Full,
177.86778,0.36816,527,3.14048,2.82497,ST-Full,
178.16277,0.28848,528,3.12955,2.81976,ST-Full,
178.94646,0.77701,529,3.19856,2.89063,ST-Full-W1,
179.08672,0.13358,530,4.06845,2.93438,ST-Full-W1-W2,
179.25462,0.16122,531,4.03063,2.93331,ST-Full-W2,
179.70335,0.44211,532,3.96607,2.99451,ST-Full,
180.02516,0.25534,533,3.08186,3.09644,TT-Full,
180.25237,0.18097,534,4.14159,2.85170,ST-Full,
180.45360,0.19427,535,4.10470,2.86118,ST-Full,
180.62730,0.16702,536,4.14878,2.86820,ST-Full-W2,
180.88164,0.24710,537,4.11996,2.89402,ST-Full,
181.23729,0.34833,538,4.10417,2.88944,ST-Full,
181.41145,0.16745,539,4.08174,2.93969,ST-Full,
181.55211,0.13464,540,4.19901,2.88169,,
181.68633,0.12750,541,3.98406,2.92012,ST-Full,
182.08797,0.39514,542,3.92674,2.87825,ST-Full,
182.41621,0.32150,543,3.99279,2.89248,ST-Full,
182.69710,0.27393,544,4.17626,2.95263,ST-Full,
183.01878,0.31461,545,4.03864,3.94858,ST-Full,
183.20616,0.18036,546,3.87360,2.91113,ST-Full-W3,
183.59459,0.38098,547,3.88208,3.05193,ST-Full,
184.47261,0.81097,548,2.85195,2.79779,TT-Full,
184.81410,0.25497,549,3.38253,3.22044,,
184.98265,0.16174,550,3.42066,3.38673,,
185.38976,0.36142,551,3.08247,3.12542,TT-Full,
185.48354,0.08658,552,4.05482,2.99655,TT-Full,
185.68452,0.17368,553,4.01580,3.03144,ST-Full-W3,
185.88557,0.17429,554,3.24728,2.99502,ST-Full-W2,
186.09999,0.20776,555,3.38451,3.14422,ST-Full-W1,
186.39510,0.28833,556,3.37837,3.13214,ST-Full-W1,
186.56880,0.16705,557,3.36438,3.13506,ST-Full-W1,
187.02400,0.44812,558,3.32774,3.11941,ST-Full,
187.29265,0.26169,559,3.40997,3.15823,ST-Full-W1,
187.76118,0.46188,560,3.50593,3.17097,ST-Full,
187.96867,0.20099,561,3.49202,3.18833,ST-Full,
188.37801,0.40213,562,3.51212,3.21775,ST-Full-W1,
188.53798,0.15353,563,3.55335,3.23447,ST-Full-W1,
188.87297,0.32785,564,3.61359,3.22074,ST-Full-W1,
189.02077,0.14062,565,4.49430,3.19117,ST-Full-W1,
189.23491,0.20743,566,4.62377,3.21550,ST-Full,
189.48967,0.24753,567,3.52360,3.17635,ST-Full-W1,
189.85756,0.36115,568,3.47105,3.15742,ST-Full,
190.06526,0.20026,569,4.22521,3.03624,ST-Full,
190.36687,0.21417,570,3.33010,3.26406,ST-Full,
190.50111,0.12726,571,3.68623,3.82371,ST-Full,
190.75594,0.22791,572,3.41147,3.31781,ST-Full-W7,
190.99681,0.19427,573,3.42181,3.12256,ST-Full,
191.32457,0.30096,574,3.41315,3.14810,ST-Full,
191.57286,0.24112,575,3.45061,3.11881,ST-Full,
191.82661,0.24704,576,3.45030,3.07791,ST-Full,
192.72450,0.89081,577,3.40012,3.23559,ST-Full,
193.14003,0.40811,578,3.41076,3.07119,ST-Full,
193.51558,0.36856,579,3.25750,3.07875,ST-Full-W1,
193.78331,0.26154,580,4.19676,3.03434,ST-Full,
193.97758,0.18762,581,4.30731,4.19246,ST-Full,
194.29939,0.31509,582,3.44985,3.06837,ST-Full-W1,
194.86845,0.56299,583,3.48358,3.09510,ST-Full-W1,
194.98906,0.11386,584,4.27938,3.79568,ST-Full,
195.19667,0.14069,585,3.26474,3.23665,ST-Full,
195.35066,0.14706,586,3.38145,3.36615,TT-Full,
195.57127,0.19434,587,3.38517,3.22743,ST-Full-W8,
195.80623,0.18756,588,4.15186,3.26033,ST-Full,
196.34160,0.50925,589,3.37542,3.03462,ST-Full,
197.28682,0.93829,590,3.39745,3.04437,ST-Full-W1,
197.38676,0.09387,591,4.32724,3.06611,ST-Full-W1,
197.58800,0.19424,592,4.15648,3.07504,ST-Full,
198.02296,0.42798,593,4.05305,3.05635,ST-Full,
199.08138,1.05154,594,3.96762,2.92799,ST-Full,
200.12666,1.03830,595,4.05248,2.92961,ST-Full,
200.36116,0.22775,596,4.02288,2.93016,ST-Full,
200.72282,0.35501,597,4.33307,2.97552,ST-Full,
201.08479,0.25479,598,3.58539,3.39604,,
201.19872,0.10767,599,3.77980,3.38363,,
201.47304,0.26855,600,3.70875,3.42481,,
201.92204,0.42279,601,3.63703,3.58005,,
202.05534,0.12683,602,3.67594,3.47106,,
202.48390,0.40186,603,3.67951,3.47104,,
202.78618,0.29489,604,3.75264,3.34827,,
203.03340,0.22070,605,3.87953,3.66853,,
203.16060,0.11978,606,3.94658,3.86759,,
203.48900,0.13788,607,3.69744,3.75689,ST-Full-W16,
203.72353,0.20795,608,3.13435,3.03806,ST-TT-Full,
204.38774,0.65756,609,3.10093,3.23066,TT-Full,
204.58046,0.16684,610,3.87786,3.98187,ST-Full-W16,
204.90208,0.29422,611,4.27296,4.22153,ST-Full-W2,
205.21745,0.30838,612,4.03099,4.27390,ST-Full-W3,
205.67924,0.45566,613,3.18415,2.94971,ST-Full,
205.97435,0.28870,614,3.17523,3.03023,ST-Full,
206.14180,0.16077,615,3.16749,3.03038,ST-Full,
206.30925,0.16092,616,3.24399,2.96135,ST-Full-W3,
206.54295,0.20737,617,3.22636,2.94588,ST-Full-W1,
206.89900,0.34857,618,3.40107,3.03749,ST-Full-W1,
207.20018,0.21439,619,3.13173,3.10551,TT-Full,
207.42891,0.22247,620,3.12529,3.17368,TT-Full,
207.66862,0.19455,621,3.21524,2.98590,ST-Full-W4,
207.85664,0.16116,622,3.20344,2.96627,ST-Full-W1,
208.11781,0.25455,623,3.26948,2.99349,ST-Full-W1,
208.25142,0.12686,624,3.27993,2.96504,ST-Full-W1,
208.72072,0.46222,625,3.31192,2.99144,ST-Full-W1,
209.06227,0.33490,626,2.98798,2.97980,ST-Full,
209.31679,0.24753,627,3.37942,3.05665,ST-Full-W1,
209.55125,0.22772,628,3.37292,2.99958,ST-Full-W1,
210.14742,0.59012,629,3.33467,3.00315,ST-Full-W1,
210.38857,0.23447,630,3.29692,2.91887,ST-Full,
210.70335,0.30850,631,3.25336,2.92184,ST-Full-W1,
211.09813,0.38779,632,3.30690,3.00594,ST-Full-W1,
211.84862,0.74335,633,3.16548,2.84015,ST-Full-W1,
212.09636,0.24088,634,3.08545,2.75584,ST-Full-W1,
212.23738,0.13403,635,3.06358,2.78748,ST-Full-W1,
212.53816,0.29388,636,3.07932,2.85163,ST-Full-W1,
212.90715,0.36172,637,3.13296,2.81235,ST-Full-W1,
213.12148,0.20792,638,3.18182,2.99199,ST-Full-W1,
213.38222,0.23431,639,3.20403,2.90447,ST-Full,
213.93169,0.54227,640,3.27899,2.89954,ST-Full-W1,
214.48799,0.54932,641,3.35775,3.01245,ST-Full-W1,
214.74251,0.16748,642,3.24540,3.10333,TT-Full,
215.33199,0.58270,643,2.99473,2.95372,TT-Full,
215.86110,0.52246,644,2.97976,3.06756,TT-Full,
216.51097,0.64316,645,2.98435,2.98376,TT-Full,
216.68471,0.12726,646,3.43572,3.15927,,
216.93312,0.20123,647,3.72053,3.55929,,
217.12041,0.18060,648,3.50328,3.89464,,
217.36763,0.18027,649,3.36408,3.42885,TT-Full,
217.87022,0.49533,650,3.15924,3.17115,TT-Full,
217.97780,0.10095,651,3.87522,3.12095,TT-Full,
218.19203,0.16779,652,4.13951,3.16052,ST-Full-W2,
218.43275,0.21423,653,3.32953,3.04938,ST-Full-W1,
218.55363,0.11368,654,4.34365,3.00135,ST-Full,
218.65398,0.09341,655,3.52994,3.36266,ST-Full-W1,
218.95576,0.25455,656,3.22129,3.33380,TT-Full,
219.27696,0.31470,657,3.28776,3.38659,TT-Full,
219.43803,0.15399,658,3.25892,3.26985,TT-Full,
219.63219,0.18744,659,3.29684,3.29932,TT-Full,
220.35600,0.71750,660,3.22826,3.24823,TT-Full,
221.11934,0.75677,661,3.30147,3.33945,TT-Full,
221.28011,0.13425,662,3.25731,3.35412,ST-Full,
221.72182,0.41537,663,3.28849,3.31448,TT-Full,
221.99681,0.20792,664,4.26554,4.13207,ST-Full-W2,
222.18388,0.16016,665,4.13489,4.03457,ST-Full-W1,
222.56618,0.29526,666,3.65567,3.46787,,
222.78081,0.20786,667,3.81722,3.49892,,
223.00157,0.19427,668,3.76219,3.59244,,
223.47691,0.46866,669,3.81564,3.59423,,
223.71788,0.23444,670,3.83537,3.70846,,
223.97981,0.09409,671,3.57860,3.61206,ST-Full,
224.36153,0.35571,672,3.15003,3.23317,TT-Full,
225.86177,1.49414,673,3.01148,3.10322,TT-Full,
226.09624,0.12729,674,3.70647,3.61338,,
226.36440,0.26151,675,3.72847,3.54526,,
226.47801,0.10724,676,3.59813,3.78282,,
226.63881,0.15436,677,3.67150,3.64302,,
226.78578,0.14032,678,3.76799,3.70830,,
226.97395,0.18109,679,3.67706,3.57158,,
227.10741,0.12701,680,3.83378,3.73599,,
227.42247,0.30817,681,3.81825,3.78711,,
227.63011,0.20068,682,3.75875,3.64411,,
227.82439,0.18756,683,3.83417,3.69109,,
227.91328,0.08221,684,3.96333,3.67693,,
228.13225,0.15381,685,3.50334,3.53402,ST-Full,
228.61479,0.45544,686,3.20425,3.15982,TT-Full,
228.86214,0.20084,687,4.02232,4.13098,ST-Full-W3,
229.11714,0.24823,688,3.31539,3.04193,ST-Full-W2,
229.36546,0.24231,689,4.26717,2.93465,ST-Full-W2,
229.61314,0.16132,690,3.65755,3.44365,,
229.80711,0.18756,691,3.66302,3.35140,,
230.02815,0.21436,692,3.68378,3.52993,,
230.29561,0.26074,693,3.83282,3.36872,,
230.70470,0.38181,694,3.84277,3.55271,,
230.94655,0.21564,695,3.77772,3.83793,,
231.12666,0.17261,696,3.80817,3.79948,,
231.18687,0.03336,697,3.01250,2.52138,,
231.48839,0.19235,698,4.19366,3.47187,TT-Full,
231.64885,0.15402,699,3.98295,3.36253,TT-Full,
231.91707,0.22131,700,4.10812,3.78316,ST-Full-W3,
232.20461,0.28079,701,4.12376,4.19866,ST-Full,
232.49318,0.28137,702,4.32998,3.05895,ST-Full,
233.03569,0.53632,703,4.26916,3.02204,ST-Full,
233.20345,0.16104,704,4.11412,2.92292,ST-Full,
233.63133,0.34109,705,3.26072,2.92244,,
234.06056,0.34198,706,4.02375,3.23280,ST-TT-Full,
234.33498,0.22754,707,4.18643,4.03843,ST-Full,
234.52943,0.18756,708,4.20023,4.07039,ST-Full-W3,
236.32460,1.78848,709,4.10086,3.00009,ST-Full,
236.49150,0.16022,710,3.97467,2.93367,ST-Full,
236.79305,0.29428,711,3.80153,3.65953,ST-Full,
236.98103,0.10077,712,3.69467,3.20966,,
237.34889,0.34146,713,3.79068,3.37942,,
237.75163,0.35532,714,3.62781,3.35711,,
237.94560,0.16803,715,3.55854,3.46213,,
238.48817,0.53586,716,3.80193,3.46569,,
238.70924,0.19424,717,3.96677,3.32832,,
238.82310,0.10718,718,3.86736,3.67251,,
239.03743,0.20767,719,3.56238,3.34228,,
239.39915,0.27435,720,3.99864,3.25635,ST-TT-Full,
239.61351,0.20767,721,3.92374,3.21373,ST-TT-Full,
240.13539,0.43481,722,3.83808,3.72614,,
240.24983,0.10773,723,3.80545,3.63602,,
240.49104,0.21439,724,4.42163,3.82462,,
240.71202,0.21432,725,4.47205,3.97894,,
241.08693,0.36819,726,4.47096,3.92714,,
241.25487,0.16135,727,4.48718,4.05399,,
241.66286,0.40146,728,4.43704,4.07278,,
241.77736,0.10776,729,4.10819,3.81485,,
241.88454,0.10080,730,4.26433,3.54661,,
242.15218,0.24112,731,3.91555,3.74832,,
242.42009,0.26123,732,3.95582,3.95156,,
242.79521,0.36896,733,4.01861,3.98716,,
243.19655,0.37466,734,4.11479,3.89227,,
243.36458,0.16077,735,4.17389,4.07576,,
243.67934,0.30859,736,4.00374,3.84295,,
243.92003,0.23395,737,4.07856,4.03070,,
244.09468,0.14066,738,4.08944,4.08056,,
244.24889,0.14746,739,3.95021,3.77160,,
244.74443,0.46933,740,3.97357,3.57229,,
245.05910,0.12750,741,4.26264,3.62984,ST-Full,
246.32524,1.25952,742,3.81666,3.24176,TT-Full,
246.56615,0.21371,743,3.39114,3.12484,ST-Full,
247.82567,1.23248,744,3.68676,3.09078,TT-Full,
248.04622,0.15396,745,3.35466,3.26253,,
248.23405,0.18063,746,3.52278,3.44123,,
248.54860,0.24734,747,3.80776,3.29031,TT-Full,
248.75005,0.17416,748,3.74081,4.12770,ST-Full-W3-W4,
249.01140,0.19482,749,3.25420,3.07411,,
249.62086,0.60284,750,3.35420,3.15058,,
249.78868,0.14160,751,3.31549,3.09958,,
249.94933,0.13425,752,2.69858,2.48162,,
250.29710,0.16058,753,4.25697,4.02024,ST-Full-W2,
250.47798,0.15353,754,4.31233,3.09454,ST-Full-W1,
250.60555,0.12057,755,4.13870,3.07499,ST-Full,
250.80003,0.18784,756,4.10057,3.08062,ST-Full,
251.28838,0.48193,757,4.05896,3.17186,ST-Full,
251.64375,0.32819,758,4.11753,3.06406,ST-Full,
252.07857,0.42813,759,4.21036,3.06364,ST-Full,
252.34065,0.25537,760,4.01143,3.02673,ST-Full,
252.58821,0.24115,761,4.19812,2.99858,ST-Full,
252.79585,0.20096,762,4.33672,3.06228,ST-Full,
252.96330,0.16101,763,4.22252,2.99866,ST-Full,
253.89439,0.92435,764,3.02410,2.94862,ST-Full,
254.16191,0.26083,765,3.15840,2.93771,ST-Full-W6,
254.32979,0.16101,766,4.13152,2.96566,ST-Full,
254.71132,0.37482,767,3.95412,2.94717,ST-Full,
254.93208,0.21432,768,3.21375,2.94826,ST-Full,
255.23405,0.27362,769,3.15630,3.07541,ST-Full,
255.35417,0.11340,770,3.17143,3.15204,ST-Full-W6,
255.45540,0.09375,771,4.09469,3.05438,ST-Full,
255.68898,0.22717,772,3.33038,3.07947,ST-Full,
255.94395,0.20749,773,3.17396,3.15044,ST-TT-Full,
256.12445,0.17419,774,3.27340,3.13942,TT-Full,
256.32587,0.19464,775,3.15660,3.00351,TT-Full,
256.47955,0.14697,776,3.15308,2.93362,ST-TT-Full,
256.90808,0.42145,777,3.03026,2.93616,TT-Full,
257.11633,0.20126,778,2.99974,2.94856,TT-Full,
257.34381,0.22128,779,3.05515,2.96714,TT-Full,
257.83301,0.48181,780,3.67573,2.90175,ST-TT-Full,
258.14117,0.26123,781,3.07042,2.87678,ST-Full,
258.37561,0.22833,782,4.25431,2.91956,ST-Full,
258.65021,0.26764,783,4.10293,2.87970,ST-Full,
258.91766,0.26117,784,4.03947,2.93699,ST-Full,
259.21265,0.22748,785,3.07784,2.94610,ST-Full,
259.37366,0.15460,786,3.21540,3.02040,ST-TT-Full,
259.60120,0.18063,787,4.26666,2.89915,,
259.84924,0.24115,788,4.21449,2.94406,ST-Full,
260.17072,0.31500,789,4.18463,2.94969,ST-Full,
260.46558,0.28812,790,4.15804,2.95341,ST-Full,
260.61285,0.14066,791,4.19274,3.02795,ST-Full,
260.86017,0.24078,792,4.15662,3.01750,ST-Full,
261.14203,0.17447,793,3.62488,3.25478,,
261.45020,0.30145,794,3.52835,3.23571,,
261.66412,0.20728,795,3.72319,3.44379,,
261.97937,0.30844,796,4.19458,3.66346,,
262.23413,0.16806,797,3.89734,3.21648,TT-Full,
262.45514,0.21460,798,3.69181,2.99720,TT-Full,
262.82953,0.34753,799,4.05353,2.98228,ST-Full,
263.07117,0.23477,800,4.03561,2.98780,ST-Full,
263.22491,0.14709,801,4.09896,2.98278,ST-Full,
263.65393,0.42200,802,3.21098,3.08197,ST-Full,
263.88165,0.22104,803,3.19065,3.04991,ST-Full,
264.22327,0.33490,804,4.04188,3.01038,ST-Full,
264.98688,0.75729,805,4.11629,2.98425,ST-Full,
265.09406,0.10022,806,3.14646,3.02783,ST-Full,
265.34857,0.24783,807,4.12117,3.06205,,
266.35303,0.99774,808,4.19296,3.04570,ST-Full,
266.55414,0.19455,809,4.15803,2.99102,ST-Full,
266.92267,0.36169,810,3.17577,2.99048,ST-Full,
267.53223,0.60297,811,3.17010,2.99656,ST-Full,
267.76666,0.18756,812,3.85049,3.03410,ST-Full,
268.11475,0.34137,813,3.66755,2.92466,ST-TT-Full,
268.36914,0.20728,814,4.11261,2.97642,ST-Full-W5,
268.97906,0.60315,815,4.09764,2.89307,ST-Full,
269.35352,0.36826,816,4.02382,2.92291,ST-Full,
270.34503,0.98389,817,3.11450,2.85993,ST-Full,
270.74060,0.38803,818,3.02629,2.85564,ST-Full,
270.96802,0.22101,819,2.96573,2.84068,ST-Full,
271.35059,0.37531,820,2.96484,2.79803,ST-Full-W6,
271.61102,0.23233,821,3.76821,2.89384,ST-Full,
271.95270,0.31479,822,3.18372,3.05174,ST-Full,
272.38812,0.40790,823,3.12943,2.96677,ST-Full,
272.66986,0.27420,824,4.28397,3.13674,ST-Full,
272.82397,0.14740,825,3.96934,3.88307,ST-Full,
273.03809,0.12704,826,4.10498,3.60961,,
273.20532,0.14062,827,3.93632,3.47134,,
273.38599,0.17371,828,3.76926,3.50544,,
273.58087,0.16745,829,3.62371,3.53226,,
273.82812,0.24084,830,3.68073,3.47367,,
274.11023,0.27524,831,3.72889,3.56682,,
274.31091,0.19388,832,3.75217,3.64326,,
274.55212,0.21432,833,3.81936,3.63235,,
274.82635,0.26755,834,3.77850,3.50273,,
275.05450,0.20096,835,3.79763,3.59448,,
275.14868,0.04727,836,1.98153,3.05898,,
275.39563,0.16037,837,3.98542,3.33106,TT-Full,
275.68365,0.28094,838,3.82340,2.99499,ST-Full,
275.85828,0.16794,839,3.75308,2.93270,TT-Full,
277.57269,1.70770,840,3.81232,3.81669,ST-TT-Full,
277.76062,0.18134,841,3.74507,3.70267,ST-Full,
278.82568,1.05838,842,3.66034,3.86436,ST-Full,
279.16730,0.33527,843,3.73755,3.75411,ST-TT-Full,
279.69598,0.52200,844,3.71373,3.73498,ST-Full,
279.78986,0.08643,845,3.76635,3.01452,ST-Full,
279.97107,0.17474,846,3.15992,3.09400,ST-Full,
280.18542,0.18799,847,3.29520,3.12406,ST-Full,
280.31946,0.12729,848,4.14776,3.12362,ST-Full,
280.54669,0.22067,849,3.21597,3.10347,ST-Full,
281.08252,0.52863,850,4.15227,2.97314,ST-Full,
281.41077,0.32108,851,3.08829,2.87205,ST-Full,
281.63898,0.22058,852,3.14531,3.01897,ST-Full-W6,
282.00067,0.33487,853,3.18053,3.04677,ST-Full-W7,
282.26855,0.26114,854,3.17421,2.96849,ST-Full-W7,
282.46960,0.19427,855,3.09677,2.95917,ST-Full,
282.70404,0.22830,856,3.09137,2.94945,ST-Full-W8,
282.79114,0.08051,857,3.98852,3.76913,ST-Full,
282.96454,0.14639,858,4.03242,2.81535,ST-Full-W12,
283.36047,0.38828,859,3.53521,2.87160,ST-Full-W1,
283.63507,0.20764,860,3.02177,2.88476,ST-Full-W7,
283.87549,0.23419,861,3.01731,3.00415,ST-Full-W8,
284.10400,0.22104,862,3.11658,2.92700,ST-Full-W8,
284.21777,0.10684,863,3.05644,2.92973,ST-Full-W8,
284.35181,0.12726,864,2.99603,2.91461,ST-Full-W8,
284.51257,0.15408,865,2.99139,2.86008,ST-Full-W8,
284.64679,0.12793,866,2.93800,2.89457,ST-Full-W8,
284.88055,0.22729,867,2.93550,2.87682,ST-Full-W8,
285.08099,0.19305,868,2.95903,2.79957,ST-Full-W8,
285.48328,0.39450,869,2.88642,2.93415,ST-Full-W7,
285.71826,0.22812,870,2.81213,2.84145,ST-Full-W8,
285.99292,0.26813,871,2.85728,2.80470,ST-Full-W8,
286.15314,0.15353,872,2.94289,2.91181,ST-Full-W9,
286.42181,0.18115,873,3.07334,2.74819,ST-Full-W1,
286.72253,0.29422,874,3.01577,2.73475,ST-Full-W1,
286.93066,0.20090,875,3.08192,2.71052,ST-Full-W1-W10,
287.50677,0.56995,876,4.15433,2.69704,ST-Full-W1,
288.11584,0.60242,877,4.11790,2.67753,ST-Full-W1,
288.37012,0.24774,878,3.05899,2.67700,ST-Full-W1,
288.47754,0.10004,879,4.06778,2.83279,ST-Full-W1,
288.80573,0.28085,880,3.00947,2.83263,ST-Full-W7,
289.06079,0.24792,881,2.92036,2.86041,ST-Full-W7-W8,
289.84448,0.77701,882,2.89225,2.81146,ST-Full-W8,
290.03876,0.18756,883,2.89208,2.87844,ST-Full-W8,
290.25977,0.21457,884,2.87607,2.81200,ST-Full-W8,
290.46039,0.19385,885,2.93875,2.75470,ST-Full-W8,
290.59442,0.08261,886,3.96775,4.21550,ST-Full-W14,
290.70856,0.10715,887,4.18906,2.67882,ST-Full-W13,
291.04346,0.32822,888,4.11159,2.64640,ST-Full-W1,
291.14392,0.09378,889,3.97614,3.87902,ST-Full-W12,
291.41809,0.26740,890,3.75585,3.81945,ST-Full-W13,
291.58606,0.16083,891,4.07286,3.87994,ST-Full-W14,
292.11517,0.52246,892,3.74143,3.77679,ST-Full-W14,
292.22253,0.10062,893,3.66383,4.17595,ST-Full,
292.40942,0.18073,894,3.94609,4.20471,ST-Full-W3,
292.82495,0.38876,895,3.94860,3.70866,ST-Full-W12,
293.02643,0.19452,896,4.24491,2.69771,ST-Full-W12,
293.40747,0.37457,897,4.23266,2.86768,ST-Full-W1,
293.85681,0.44211,898,4.18952,2.83312,ST-Full-W1-W10,
294.13141,0.18793,899,3.49759,2.89810,TT-Full,
294.41913,0.28104,900,3.09768,3.19943,ST-TT-Full,
294.62042,0.11435,901,3.65705,3.31380,,
294.76776,0.12097,902,3.60471,3.27624,,
295.06342,0.28894,903,3.73287,3.30829,,
295.27631,0.20526,904,3.74783,3.52541,,
295.59106,0.28757,905,3.72337,3.33799,,
295.85956,0.24097,906,3.70987,3.51952,,
296.18781,0.14133,907,3.56961,3.69760,TT-Full,
296.46210,0.26730,908,3.67227,3.86771,TT-Full,
297.05151,0.58289,909,3.75753,3.73664,TT-Full,
297.69501,0.63641,910,3.90257,3.82715,TT-Full,
298.84033,1.13846,911,3.25779,3.07716,ST-TT-Full,
299.06140,0.15405,912,3.51306,3.25769,,
299.28271,0.21460,913,3.62050,3.42899,,
299.69800,0.38858,914,3.72171,3.37185,,
299.80493,0.10046,915,3.65521,3.29256,,
300.16663,0.35495,916,3.81894,3.40920,,
300.37433,0.18088,917,3.92302,3.55798,,
300.66327,0.26221,918,3.76930,3.43401,,
300.78259,0.11362,919,4.25962,3.80087,,
301.02399,0.13391,920,3.87417,3.71229,TT-Full,
301.61346,0.58276,921,3.50512,3.57539,TT-Full,
302.11584,0.49564,922,3.60478,3.80950,ST-TT-Full,
302.52448,0.40195,923,3.55301,3.65089,ST-Full,
302.96606,0.43491,924,3.63464,3.61535,ST-Full,
303.66992,0.69669,925,3.34500,3.45342,ST-Full,
304.44690,0.77036,926,3.40630,3.57929,ST-TT-Full,
305.06256,0.60901,927,3.51497,3.61219,ST-TT-Full,
305.29736,0.14758,928,3.58874,3.34684,,
305.63898,0.33514,929,3.45837,3.15664,,
305.85309,0.20740,930,3.33486,3.02670,,
306.16815,0.16742,931,3.49134,3.67455,TT-Full,
306.56354,0.38913,932,3.51044,3.56897,ST-Full,
306.87836,0.30838,933,3.57432,3.57174,ST-Full,
307.15912,0.27405,934,3.62009,3.70359,ST-Full,
307.47388,0.30750,935,3.54366,3.67370,ST-Full,
307.69556,0.21497,936,3.44047,3.48552,ST-Full,
307.92401,0.18155,937,4.12734,2.99330,ST-Full-W8,
308.19104,0.24002,938,3.50840,3.59447,ST-Full,
309.55060,1.35266,939,3.58888,3.49251,ST-TT-Full,
309.75806,0.18085,940,3.97208,3.81933,ST-Full-W2,
309.95959,0.19412,941,4.40176,3.57905,ST-Full-W1-W2,
310.18066,0.21451,942,4.10757,3.89787,ST-Full-W12,
310.38831,0.20078,943,4.48499,2.60939,ST-Full-W12,
310.63617,0.24112,944,4.40297,3.64648,ST-Full-W1-W12,
310.86365,0.22147,945,3.09074,3.91040,ST-Full-W12,
311.06470,0.19458,946,3.13817,3.82743,ST-Full-W11,
311.19165,0.12076,947,3.96470,3.98331,ST-Full-W1,
311.40649,0.20761,948,3.26274,2.92093,ST-Full-W12,
311.61395,0.20126,949,3.40821,2.90890,ST-Full-W1-W10,
311.88818,0.24783,950,3.51533,3.35518,ST-Full,
312.51898,0.62354,951,3.38904,3.39571,ST-Full,
312.64569,0.10095,952,4.09141,2.79991,ST-Full-W12,
312.77997,0.12814,953,4.13247,4.23420,ST-Full-W1-W12,
312.97388,0.18753,954,4.18402,3.75959,ST-Full-W1-W10,
313.12799,0.14761,955,3.68160,2.91203,ST-Full-W12,
313.19495,0.02057,956,2.52242,2.83414,,
313.22839,0.02744,957,2.52242,3.84846,,
313.34229,0.08710,958,3.99497,3.86684,ST-Full-W12,
313.52979,0.18079,959,4.13872,2.94103,ST-Full-W12,
313.69061,0.15466,960,4.19181,2.86489,ST-Full-W1,
313.91833,0.22104,961,4.31900,2.82696,ST-Full-W1,
314.10590,0.18082,962,4.31013,3.80532,ST-Full-W1,
314.34705,0.23441,963,4.18193,2.80693,ST-Full-W1,
314.46094,0.10718,964,3.93051,4.08128,ST-Full-W11-W12,
314.60132,0.13370,965,4.04340,2.81384,ST-Full-W12,
315.16382,0.55600,966,3.87021,3.80754,ST-Full-W10,
315.31158,0.14066,967,3.95843,2.63855,ST-Full-W11-W12,
315.50586,0.18713,968,4.27458,2.61883,ST-Full-W1-W12,
315.71326,0.20114,969,3.70425,2.60058,ST-Full-W1,
315.95410,0.23370,970,3.76272,3.56760,ST-Full-W2,
316.14856,0.18701,971,3.69571,4.00030,ST-Full-W2,
316.32281,0.16718,972,3.89463,2.52842,ST-Full-W14,
316.44360,0.11386,973,3.80462,2.49550,ST-Full-W2-W14,
316.53741,0.08688,974,3.71108,2.63758,ST-Full-W14-W15,
316.69757,0.15323,975,3.76859,2.66326,ST-Full-W3,
317.07355,0.36893,976,3.76880,2.69322,ST-Full-W4,
317.26080,0.18085,977,3.65487,3.85740,ST-Full-W4,
317.47516,0.20789,978,3.72813,3.94613,ST-Full-W3,
317.64233,0.16046,979,3.71428,3.90044,ST-Full-W15,
317.82349,0.17416,980,3.98870,3.96820,ST-Full-W14,
317.95074,0.12085,981,3.97273,3.75629,ST-Full-W14,
318.07800,0.12054,982,3.79031,3.74721,ST-Full-W13,
318.19861,0.11386,983,4.03006,3.71729,ST-Full-W14,
318.30579,0.10040,984,3.76805,2.72152,ST-Full,
318.60718,0.29471,985,3.77649,3.70136,ST-Full-W3,
318.72107,0.10745,986,3.88684,3.70839,ST-Full-W14,
318.86847,0.14072,987,3.73198,3.91441,ST-Full,
319.10242,0.22726,988,3.88099,3.93369,ST-Full-W14,
319.26361,0.15439,989,3.81351,3.83575,ST-Full-W14,
319.35687,0.08655,990,3.50804,3.48934,ST-Full,
319.45081,0.08719,991,3.49141,3.47171,TT-Full,
319.59857,0.14069,992,3.33627,3.43200,TT-Full,
319.75903,0.15405,993,3.53457,3.50716,TT-Full,
320.04065,0.25452,994,3.39866,3.44696,TT-Full,
320.22107,0.17371,995,3.43188,3.55310,ST-Full,
320.42194,0.19376,996,3.37893,3.44059,TT-Full,
320.64423,0.21548,997,3.41843,3.61898,TT-Full,
320.73059,0.08087,998,3.92160,3.50304,ST-Full,
320.87079,0.13339,999,3.75048,3.93368,ST-Full,
321.11853,0.24100,1000,4.02822,2.58343,ST-Full-W12-W13,
321.37360,0.24783,1001,3.85717,4.11469,ST-Full-W12,
321.53381,0.15350,1002,3.85838,4.18205,ST-Full,
321.64825,0.10742,1003,4.12661,2.67256,ST-Full,
321.88892,0.23398,1004,4.20871,2.83856,ST-Full-W10-W11,
322.05682,0.16074,1005,4.18074,2.80158,ST-Full-W10,
322.18359,0.12003,1006,4.21811,2.85193,ST-Full-W1,
322.30426,0.11356,1007,4.15822,2.89975,ST-Full-W10,
322.54541,0.23404,1008,4.23047,4.00148,ST-Full-W1-W10,
322.72626,0.17343,1009,4.08066,4.09065,ST-Full-W11,
322.84015,0.10712,1010,3.95121,2.76688,ST-Full,
323.00800,0.16107,1011,4.15164,2.74366,ST-Full-W12,
323.12164,0.10666,1012,4.02338,3.95444,ST-Full-W1-W12,
323.42950,0.30090,1013,3.90651,3.78420,ST-Full-W12,
323.75763,0.32132,1014,4.14386,4.05627,ST-Full,
323.87891,0.11398,1015,3.91921,3.88933,ST-Full,
324.07306,0.18729,1016,4.09813,3.83193,ST-Full,
324.40131,0.30148,1017,3.94479,3.75502,ST-Full-W11,
324.58838,0.16025,1018,3.59933,3.60836,ST-Full-W1-W11-W12,
324.82996,0.21436,1019,3.45715,3.52569,ST-Full,
325.18451,0.34781,1020,3.36316,3.47128,ST-TT-Full,
325.46631,0.27466,1021,3.48648,3.47978,TT-Full,
325.80121,0.32867,1022,3.35039,3.44626,TT-Full,
326.38397,0.57666,1023,3.61645,3.34775,TT-Full,
326.57776,0.18762,1024,3.47510,3.41122,TT-Full,
327.14038,0.55579,1025,3.50884,3.42578,TT-Full,
327.39551,0.24792,1026,3.39859,3.48227,ST-Full,
327.66986,0.26773,1027,3.40888,3.52462,TT-Full,
328.74182,1.06561,1028,3.46630,3.33609,TT-Full,
328.94904,0.11990,1029,3.59668,3.46299,,
329.15710,0.18060,1030,3.41987,3.40771,,
329.43811,0.25412,1031,3.64763,3.62233,,
329.68628,0.24158,1032,3.78816,3.55143,,
329.82697,0.11389,1033,3.78797,3.35342,,
329.98071,0.12695,1034,4.50605,3.81994,,
330.26886,0.21826,1035,3.53493,3.34111,TT-Full,
330.72400,0.44824,1036,3.24501,3.31117,ST-TT-Full,
331.66235,0.93112,1037,3.36889,3.50328,TT-Full,
331.88336,0.21512,1038,3.48618,3.47927,ST-TT-Full,
332.15796,0.26846,1039,3.55072,3.59967,TT-Full,
332.38568,0.20151,1040,4.25315,3.92039,ST-Full-W12,
332.54608,0.15366,1041,4.16601,2.93844,ST-Full-W11,
332.92157,0.36902,1042,3.68337,3.89451,ST-Full-W1,
333.35699,0.38870,1043,3.44117,3.53746,ST-TT-Full,
333.68610,0.28220,1044,3.81254,2.96641,ST-Full,
333.90625,0.19424,1045,3.56534,3.53316,ST-TT-Full,
334.19330,0.28036,1046,3.49968,3.46774,TT-Full,
334.80414,0.60364,1047,3.33681,3.42994,ST-Full,
335.03802,0.14716,1048,3.71157,3.37352,,
335.29950,0.25494,1049,3.57186,3.25346,,
335.66913,0.34286,1050,3.58970,3.40144,,
335.96265,0.26794,1051,3.65634,3.49100,,
336.30426,0.31485,1052,3.75413,3.59335,,
336.45782,0.14691,1053,3.72956,3.65999,,
337.05402,0.58942,1054,3.80213,3.63616,,
337.27502,0.13351,1055,3.48285,3.60182,TT-Full,
337.38214,0.10010,1056,3.53325,3.55332,ST-Full,
337.54999,0.16058,1057,3.55343,3.50758,ST-Full,
337.87836,0.32150,1058,3.42517,3.48970,ST-TT-Full,
338.33380,0.44922,1059,3.31258,3.52734,ST-TT-Full,
338.61517,0.27512,1060,3.27913,3.59154,TT-Full,
339.01709,0.39520,1061,3.32399,3.63202,ST-TT-Full,
339.22473,0.20096,1062,3.45128,3.28717,ST-Full,
339.51947,0.28809,1063,3.22925,3.34254,TT-Full,
339.71466,0.18845,1064,3.65668,3.69922,ST-TT-Full,
339.94147,0.20096,1065,3.95832,2.74882,ST-Full-W1-W12,
340.11560,0.16714,1066,4.23923,2.61562,ST-Full-W1,
340.35675,0.23441,1067,3.98421,2.68321,ST-Full-W1-W12,
340.47015,0.10669,1068,3.44909,3.59928,ST-Full-W12,
340.85248,0.35504,1069,3.45433,3.34175,TT-Full,
341.34100,0.48242,1070,3.48719,3.43591,ST-TT-Full,
341.68304,0.33493,1071,3.36647,3.36597,ST-TT-Full,
342.64789,0.93802,1072,3.51702,3.29241,ST-TT-Full,
342.93536,0.28165,1073,3.42301,3.28585,ST-TT-Full,
343.15021,0.12753,1074,3.93361,3.83950,,
343.48486,0.30887,1075,3.71458,3.71117,,
343.57867,0.08755,1076,3.74265,3.54422,,
343.76624,0.18088,1077,3.78900,3.51836,,
343.97314,0.20050,1078,3.89081,3.59017,,
344.16089,0.18076,1079,3.78415,3.44055,,
344.42896,0.22089,1080,3.72105,3.45358,,
344.57001,0.13397,1081,3.71509,3.45519,,
344.94476,0.34842,1082,3.59979,3.50383,,
345.00543,0.03339,1083,3.03440,2.21539,,
345.25323,0.14090,1084,3.52977,3.52644,ST-Full,
346.03662,0.77719,1085,3.37481,3.31130,ST-TT-Full,
346.62622,0.58301,1086,3.21275,3.21860,ST-TT-Full,
346.83344,0.11996,1087,3.61823,3.37076,,
347.10199,0.26126,1088,3.63874,3.41895,,
347.32971,0.22104,1089,3.67365,3.46659,,
347.41681,0.08035,1090,3.64675,3.41843,,
347.59766,0.13443,1091,3.48245,3.29847,TT-Full,
347.73193,0.12799,1092,3.39809,3.38450,TT-Full,
347.98615,0.24756,1093,3.28981,3.00704,TT-Full,
348.21460,0.20206,1094,3.39149,3.47288,ST-Full-W12,
349.11780,0.87549,1095,3.39821,3.74798,ST-TT-Full,
349.30573,0.16153,1096,3.82963,3.72038,ST-Full-W4,
349.52008,0.18811,1097,4.12446,4.26342,ST-Full-W2,
349.73444,0.18787,1098,4.06845,4.00722,ST-Full-W1,
349.92896,0.16745,1099,3.32812,3.37552,ST-Full,
350.24304,0.30765,1100,3.35219,3.40338,ST-TT-Full,
350.51147,0.26126,1101,3.40398,3.39359,TT-Full,
351.19470,0.67627,1102,3.33496,3.35472,TT-Full,
351.45593,0.25507,1103,3.44974,3.57541,ST-Full,
351.73047,0.26831,1104,3.33475,3.14524,TT-Full,
351.98462,0.16693,1105,3.71856,3.38335,,
352.14587,0.15408,1106,3.72875,3.43995,,
352.24634,0.09378,1107,3.62454,3.36561,,
352.50079,0.24774,1108,3.77850,3.53285,,
352.70850,0.14053,1109,3.54782,3.38928,TT-Full,
353.13721,0.42197,1110,3.16596,3.38178,TT-Full,
353.41852,0.27463,1111,3.42222,3.46611,ST-Full,
353.69989,0.27454,1112,3.94664,3.80607,ST-Full,
353.95392,0.22748,1113,3.88056,3.72140,ST-Full-W5,
354.14868,0.18787,1114,3.93462,3.88390,ST-Full-W3,
354.42273,0.26740,1115,4.18333,3.71042,ST-Full-W2,
354.65082,0.22086,1116,4.10500,3.92898,ST-Full-W2,
354.73810,0.08038,1117,3.40757,3.48775,ST-Full,
355.07898,0.33417,1118,3.71027,3.52963,ST-Full,
355.36115,0.21439,1119,3.65483,3.52266,,
355.66248,0.29495,1120,3.75913,3.45344,,
356.04431,0.35522,1121,3.69027,3.40998,,
356.27167,0.22070,1122,3.89359,3.75765,,
356.58148,0.28268,1123,3.89244,3.58586,,
356.75433,0.14740,1124,4.04308,3.64783,,
357.02875,0.24762,1125,4.00329,3.76797,,
357.22321,0.18805,1126,3.97745,3.67047,,
357.57104,0.34113,1127,3.99319,3.69064,,
357.68481,0.10678,1128,3.85647,3.43183,,
357.75903,0.04675,1129,2.27093,3.07254,,
357.98621,0.15927,1130,3.56846,3.63898,ST-Full,
358.99078,0.99805,1131,3.53135,3.38181,ST-TT-Full,
359.18561,0.18649,1132,3.32085,3.09024,ST-TT-Full,
359.42694,0.15479,1133,3.64399,3.48780,,
359.63483,0.20117,1134,3.69298,3.40902,,
360.00928,0.36798,1135,3.68896,3.37241,,
360.33789,0.12097,1136,3.50447,3.44529,TT-Full,
360.92065,0.57605,1137,3.52150,3.55609,ST-TT-Full,
361.91864,0.99127,1138,3.70735,3.62037,ST-TT-Full,
362.16016,0.21466,1139,3.63650,3.49720,ST-Full-W14,
362.44055,0.25433,1140,4.05548,3.98709,ST-Full,
362.59509,0.12720,1141,3.96118,3.85318,ST-Full-W3,
362.77612,0.17413,1142,4.09909,3.79905,ST-Full-W3,
363.02399,0.24146,1143,3.93366,4.00570,ST-Full-W2,
363.43927,0.40863,1144,3.90960,3.56045,ST-Full-W2-W13,
363.72681,0.28082,1145,3.84251,4.02528,ST-Full-W2,
363.92810,0.19312,1146,4.03946,3.99650,ST-Full-W3,
364.07562,0.14069,1147,4.01479,3.79531,ST-Full-W3,
364.37085,0.28857,1148,4.06761,3.88005,ST-Full-W4,
364.59161,0.21484,1149,4.08005,4.05177,ST-Full-W2-W3,
364.87280,0.27515,1150,4.07002,3.83460,ST-Full-W2,
365.36804,0.48865,1151,4.07815,3.70087,ST-Full-W1,
365.54254,0.16779,1152,4.01649,3.68715,ST-Full-W2,
365.79706,0.24847,1153,3.92271,3.70561,ST-Full-W2,
366.08508,0.28192,1154,4.13273,3.87537,ST-Full-W3,
366.54065,0.44885,1155,3.98990,3.74922,ST-Full-W4,
366.80139,0.25409,1156,4.17786,3.95332,ST-Full-W3,
367.25732,0.44910,1157,4.15269,3.68704,ST-Full-W3-W4,
367.72650,0.46246,1158,3.57978,3.78100,ST-Full-W4-W5,
367.95392,0.19928,1159,3.31542,3.22331,TT-Full,
368.21442,0.25372,1160,3.45720,3.30869,TT-Full,
368.35535,0.13403,1161,3.48528,3.30153,TT-Full,
368.50348,0.14069,1162,4.04404,3.87383,TT-Full,
368.74432,0.23438,1163,3.89427,3.77934,ST-Full,
368.85822,0.10760,1164,3.41616,3.36655,ST-Full,
369.09894,0.23401,1165,3.40832,3.51360,ST-TT-Full,
369.28021,0.17438,1166,3.29821,3.26536,TT-Full,
369.43378,0.14685,1167,3.50367,3.27164,TT-Full,
369.76270,0.32178,1168,3.37634,3.23424,TT-Full,
370.78735,1.01862,1169,3.56095,3.42688,TT-Full,
370.88055,0.08704,1170,3.28062,2.88002,TT-Full,
371.10168,0.15405,1171,3.69985,3.41649,,
371.28973,0.18085,1172,3.81354,3.61043,,
371.47729,0.18060,1173,3.69820,3.49128,,
371.69165,0.18756,1174,3.58312,3.50566,,
371.90570,0.20740,1175,3.70697,3.34477,,
372.28766,0.35492,1176,3.88418,3.51242,,
372.51550,0.22058,1177,3.89943,3.55808,,
372.64948,0.12775,1178,4.15235,3.89891,,
372.97729,0.30164,1179,4.08890,3.75057,,
373.36609,0.34149,1180,3.93141,3.74002,,
373.53369,0.16077,1181,3.82881,3.63744,,
373.86914,0.30872,1182,3.89359,3.51703,,
374.01617,0.14117,1183,3.86530,3.54947,,
374.20306,0.18042,1184,4.03068,3.64214,,
374.53845,0.30792,1185,4.07733,3.78559,,
374.73291,0.18768,1186,4.23501,3.95780,,
375.08051,0.18054,1187,3.79379,3.65498,TT-Full,
375.33551,0.24780,1188,3.61181,3.53506,TT-Full,
376.16644,0.82422,1189,3.77632,3.58453,TT-Full,
376.46753,0.29468,1190,3.81811,3.58372,ST-TT-Full,
376.78241,0.28864,1191,4.02918,4.00944,ST-Full-W3-W4,
377.12360,0.33472,1192,4.03534,3.89409,ST-Full-W4,
377.43884,0.30835,1193,3.82528,3.78624,ST-Full-W3-W4,
378.03497,0.58948,1194,4.07554,3.91136,ST-Full-W4-W5,
378.18231,0.14056,1195,3.66270,3.52307,ST-Full-W5,
378.40338,0.19275,1196,3.63026,3.52864,ST-Full,
378.57043,0.16034,1197,3.38715,3.45672,TT-Full,
378.92535,0.32819,1198,3.98443,3.63792,ST-Full-W4-W5,
379.30103,0.32831,1199,3.73312,3.49747,ST-Full,
379.32715,0.01953,1200,3.59562,3.54077,,
379.57556,0.16077,1201,3.92657,3.40949,,
379.87653,0.29413,1202,3.87290,3.37398,,
380.14496,0.24115,1203,3.70292,3.52748,,
380.28528,0.13422,1204,4.01718,3.68719,,
380.45306,0.16132,1205,3.82563,3.59997,,
380.84827,0.38818,1206,3.81285,3.54775,,
381.04254,0.16803,1207,3.86137,3.44619,,
381.36407,0.29474,1208,3.80464,3.48742,,
381.69897,0.30804,1209,3.78428,3.54968,,
381.96021,0.25482,1210,3.77879,3.55362,,
382.16113,0.13397,1211,3.66138,3.40689,TT-Full,
382.28839,0.12054,1212,3.85293,3.60425,TT-Full,
382.75012,0.45526,1213,3.69146,3.43197,TT-Full,
382.93115,0.17389,1214,3.59280,3.41864,TT-Full,
383.08551,0.14703,1215,3.31997,3.14558,TT-Full,
383.29944,0.14691,1216,3.95936,3.65574,,
383.60748,0.28156,1217,4.31018,3.80781,,
383.87518,0.26074,1218,4.34384,4.24284,,
384.04340,0.16132,1219,3.94806,3.54340,,
384.37860,0.26782,1220,3.84663,3.77910,,
384.90082,0.49573,1221,4.19319,4.11216,,
385.10785,0.14008,1222,3.86020,3.65202,TT-Full,
385.35590,0.24103,1223,3.79175,3.62112,TT-Full,
385.59070,0.22821,1224,3.63133,3.63156,TT-Full,
385.77826,0.12061,1225,4.08585,3.13482,ST-Full,
386.05957,0.25269,1226,4.01704,3.20539,TT-Full,
386.23376,0.16736,1227,3.88351,3.19645,TT-Full,
386.50818,0.26776,1228,3.75994,3.11937,TT-Full,
386.71594,0.20129,1229,3.91617,3.05718,TT-Full,
387.44617,0.72375,1230,3.65836,3.03378,ST-TT-Full,
387.72021,0.26727,1231,4.03929,3.03524,ST-TT-Full,
387.96808,0.22028,1232,3.18424,3.19045,TT-Full,
388.16235,0.18701,1233,3.24681,3.11187,TT-Full,
388.55115,0.38159,1234,3.95913,3.10251,TT-Full,
388.78546,0.22760,1235,3.84196,3.83816,TT-Full,
389.01984,0.22766,1236,3.72179,3.83612,TT-Full,
389.26099,0.23407,1237,3.81212,3.82242,ST-TT-Full,
389.64349,0.37598,1238,3.48453,3.50299,TT-Full,
389.83075,0.18030,1239,3.55253,3.66557,ST-Full,
390.17267,0.33545,1240,3.55281,3.53889,ST-TT-Full,
390.38702,0.20795,1241,3.33979,3.53346,TT-Full,
390.64124,0.24780,1242,3.47113,3.26986,ST-TT-Full,
390.83582,0.18787,1243,3.54472,3.62088,TT-Full,
391.06342,0.22150,1244,3.58824,3.58389,ST-Full,
391.39154,0.32159,1245,3.64676,3.64069,ST-TT-Full,
391.59912,0.20093,1246,3.55798,3.41065,ST-TT-Full,
391.77283,0.16699,1247,3.40977,3.44098,TT-Full,
391.94080,0.16083,1248,3.53746,3.68731,ST-TT-Full,
392.43671,0.48926,1249,3.54617,3.58177,ST-TT-Full,
392.66449,0.22156,1250,3.43519,3.47685,ST-Full,
392.84454,0.15363,1251,3.49981,3.38094,ST-TT-Full,
393.09955,0.22766,1252,3.47534,3.36361,ST-TT-Full,
393.47467,0.34833,1253,3.49138,3.52943,ST-TT-Full,
393.88971,0.40863,1254,3.62376,3.40377,TT-Full,
393.99713,0.10046,1255,3.55062,3.37821,ST-Full,
394.16461,0.14069,1256,3.54214,3.43551,ST-Full,
394.44592,0.27484,1257,3.81602,3.50539,TT-Full,
394.64044,0.18781,1258,3.77481,3.48891,ST-Full,
394.85480,0.20850,1259,3.45801,3.16659,ST-TT-Full,
395.14252,0.24109,1260,3.42450,3.69663,ST-TT-Full,
395.38348,0.23389,1261,3.47918,3.41139,ST-Full,
396.09369,0.70367,1262,3.54186,3.66990,ST-TT-Full,
396.44202,0.34161,1263,3.58464,3.72013,TT-Full,
396.58887,0.14044,1264,3.64161,3.65435,ST-Full,
396.76300,0.16748,1265,3.52847,3.48698,TT-Full,
397.07196,0.30170,1266,3.47152,3.52671,ST-TT-Full,
397.50018,0.42230,1267,3.41646,3.39104,TT-Full,
397.76831,0.26178,1268,3.40765,3.21531,TT-Full,
398.01569,0.24066,1269,3.22789,3.37921,ST-Full,
398.33765,0.31519,1270,3.23625,3.40493,TT-Full,
398.46429,0.12012,1271,3.38542,3.26703,TT-Full,
398.63239,0.16046,1272,3.46151,3.44567,TT-Full,
398.84033,0.20117,1273,3.47321,3.58778,TT-Full,
399.19507,0.32831,1274,3.46310,3.44332,TT-Full,
399.44916,0.24744,1275,3.48306,3.36830,ST-Full,
399.68372,0.22784,1276,3.38814,3.55063,TT-Full,
399.93115,0.24017,1277,3.29731,3.73592,ST-TT-Full,
400.15222,0.21411,1278,3.39093,3.24891,TT-Full,
400.30640,0.14752,1279,3.53176,3.38144,TT-Full,
400.52747,0.21429,1280,3.65274,3.31132,TT-Full,
400.74890,0.21466,1281,3.47523,3.40518,ST-TT-Full,
400.91583,0.15997,1282,3.54135,3.35012,TT-Full,
401.31171,0.38806,1283,3.27449,3.27084,TT-Full,
401.70026,0.30145,1284,4.00338,3.74316,,
401.83453,0.12732,1285,4.03466,3.23676,,
402.04852,0.20758,1286,3.56133,3.30099,,
402.21606,0.16089,1287,4.10963,3.34319,,
402.29639,0.03351,1288,2.24876,3.08361,,
402.54425,0.12061,1289,3.68012,3.57739,TT-Full,
402.89227,0.34131,1290,3.71363,3.56290,TT-Full,
403.10687,0.20819,1291,3.57261,3.43941,TT-Full,
403.30060,0.18701,1292,3.61019,3.60252,TT-Full,
403.44855,0.14093,1293,3.57309,3.26941,TT-Full,
403.92407,0.44879,1294,3.51726,3.56858,TT-Full,
404.33936,0.36877,1295,3.64745,3.75187,TT-Full,
404.58038,0.19409,1296,3.49378,3.50633,TT-Full,
405.08289,0.47528,1297,3.37409,3.51058,TT-Full,
405.37091,0.26123,1298,3.56688,3.20232,TT-Full,
405.77930,0.38159,1299,3.63545,3.46995,ST-TT-Full,
405.92029,0.13446,1300,3.49486,3.31227,ST-TT-Full,
406.14795,0.20093,1301,3.45345,3.53963,TT-Full,
406.31537,0.16089,1302,3.51056,3.61538,TT-Full,
406.59674,0.27466,1303,3.55277,3.88560,TT-Full,
407.09863,0.49518,1304,3.67019,3.81113,TT-Full,
407.34021,0.19409,1305,3.62938,3.59453,ST-Full,
407.46753,0.12085,1306,3.50503,3.46561,ST-Full,
407.75531,0.28156,1307,3.66607,3.52554,ST-TT-Full,
408.30481,0.54309,1308,3.77179,3.58364,TT-Full,
408.62579,0.27405,1309,3.65283,3.77660,ST-Full,
409.38953,0.75653,1310,3.49508,3.67324,ST-TT-Full,
409.97943,0.58307,1311,3.49062,3.74945,TT-Full,
410.70233,0.71686,1312,3.46846,3.55574,ST-TT-Full,
411.04443,0.27496,1313,3.60362,3.76473,,
411.61377,0.50232,1314,3.50515,3.66838,ST-TT-Full,
411.79425,0.17371,1315,3.54765,3.74989,ST-TT-Full,
412.12903,0.32806,1316,3.50520,3.41907,TT-Full,
413.08740,0.95105,1317,3.66368,3.56195,TT-Full,
413.24817,0.15466,1318,3.61199,3.36623,ST-TT-Full,
413.41565,0.16119,1319,3.63254,3.51088,TT-Full,
413.58978,0.16736,1320,3.68324,3.57650,ST-TT-Full,
413.84460,0.24835,1321,3.45101,3.37760,TT-Full,
414.09851,0.24750,1322,3.35999,3.39867,ST-TT-Full,
414.27228,0.16711,1323,3.63800,3.40551,TT-Full,
414.48743,0.20770,1324,3.39218,3.50487,TT-Full,
414.82928,0.33521,1325,3.55876,3.48950,TT-Full,
415.04333,0.20789,1326,3.37983,3.40205,TT-Full,
415.25769,0.18756,1327,3.82781,4.01774,ST-Full,
415.44525,0.16046,1328,4.12214,4.30919,ST-Full-W14,
415.65271,0.18042,1329,4.30491,2.70373,ST-Full,
415.88062,0.20142,1330,4.12744,3.73369,ST-Full-W1,
415.99451,0.10767,1331,3.81793,3.89709,ST-Full-W12,
416.30353,0.28223,1332,3.53701,3.65749,ST-TT-Full,
416.60406,0.29523,1333,3.32553,3.41128,ST-TT-Full,
416.90570,0.29504,1334,3.44679,3.58611,TT-Full,
417.09918,0.18701,1335,3.30325,3.44055,ST-Full,
417.90350,0.79688,1336,3.45710,3.37279,ST-TT-Full,
419.55133,1.64105,1337,3.63445,3.44757,ST-TT-Full,
419.67169,0.11365,1338,3.41121,3.48977,ST-Full,
420.05322,0.37457,1339,3.66125,3.51699,ST-TT-Full,
420.43555,0.37512,1340,3.17753,3.34648,TT-Full,
420.72351,0.28156,1341,3.39948,3.41185,ST-TT-Full,
420.99109,0.26135,1342,3.30135,3.41100,TT-Full,
421.48047,0.48230,1343,3.42953,3.58104,TT-Full,
421.72827,0.24109,1344,3.38416,3.45761,ST-Full,
422.07660,0.34161,1345,3.35644,3.42404,TT-Full,
422.36462,0.28131,1346,3.30539,3.32174,TT-Full,
422.53882,0.16748,1347,3.43970,3.36874,TT-Full,
422.65936,0.11389,1348,2.66450,2.94588,TT-Full,
423.06128,0.29486,1349,3.32781,3.08696,TT-Full,
423.27563,0.20764,1350,3.41041,3.39870,TT-Full,
423.61053,0.32794,1351,3.38901,3.38553,TT-Full,
423.82489,0.20831,1352,3.31560,3.34657,TT-Full,
424.02527,0.13379,1353,3.47960,3.50983,,
424.19330,0.16077,1354,3.44995,3.38755,,
424.36743,0.16742,1355,3.71990,3.89776,,
424.65509,0.24072,1356,3.52206,3.32698,TT-Full,
426.06213,1.39978,1357,3.09895,2.92317,TT-Full,
426.30255,0.15332,1358,3.50553,3.34693,,
426.46405,0.13397,1359,3.58509,3.27489,,
426.59772,0.12701,1360,3.45621,3.46355,,
426.90619,0.30151,1361,3.38871,3.05199,,
427.19366,0.22064,1362,3.68256,3.55612,TT-Full,
427.65588,0.45502,1363,3.31374,3.57466,ST-TT-Full,
429.04248,1.37915,1364,3.44649,3.35199,ST-TT-Full,
429.47144,0.24115,1365,3.37166,3.42498,TT-Full,
429.65247,0.17462,1366,3.34881,3.53607,TT-Full,
429.90057,0.24139,1367,3.28600,3.32916,TT-Full,
430.07367,0.16669,1368,3.22112,3.40216,TT-Full,
430.25494,0.17377,1369,3.21836,3.50392,TT-Full,
430.48279,0.22131,1370,3.46220,3.37161,TT-Full,
430.79089,0.30170,1371,3.70455,3.45079,ST-Full,
430.99213,0.19482,1372,3.54111,3.51319,TT-Full,
431.15961,0.16083,1373,3.58421,3.47910,ST-TT-Full,
431.47388,0.30731,1374,3.59625,3.36793,ST-TT-Full,
431.79547,0.31464,1375,3.63199,3.45279,TT-Full,
432.08392,0.28137,1376,3.71220,3.32154,TT-Full,
432.17773,0.08710,1377,3.59561,3.69996,TT-Full,
432.36530,0.16089,1378,3.91348,3.81289,ST-Full-W16,
432.63995,0.26794,1379,3.75994,3.90488,ST-Full-W4-W16,
432.99493,0.34833,1380,3.79756,2.72945,ST-Full-W4-W16,
433.20270,0.20148,1381,3.58075,3.56126,ST-Full-W5-W16,
433.49066,0.26196,1382,3.51490,3.53820,TT-Full,
433.69159,0.19391,1383,3.75767,3.61440,TT-Full,
434.58911,0.89185,1384,3.58217,3.30278,ST-Full,
434.96423,0.34833,1385,3.61307,3.40679,ST-TT-Full,
435.19843,0.22742,1386,3.69128,3.38244,TT-Full,
435.41919,0.21405,1387,3.64147,3.48098,TT-Full,
435.66754,0.24152,1388,3.69158,3.31578,TT-Full,
435.92877,0.25476,1389,3.73384,3.41217,TT-Full,
436.37091,0.43542,1390,3.62510,3.67838,ST-TT-Full,
436.92017,0.54230,1391,3.53154,3.62139,TT-Full,
437.16754,0.15997,1392,3.50895,3.38996,,
437.30798,0.13324,1393,3.98575,3.79321,,
437.56989,0.19427,1394,3.65807,3.59989,TT-Full,
437.69043,0.11383,1395,3.45971,3.11960,TT-Full,
438.07178,0.35510,1396,3.70242,4.01286,ST-Full-W3-W15,
438.42688,0.34790,1397,3.90206,2.85027,ST-Full-W4,
438.64111,0.20709,1398,3.56995,3.63637,ST-Full-W5,
438.81580,0.14740,1399,3.66372,3.42675,ST-Full,
439.59259,0.77063,1400,3.56444,3.51779,TT-Full,
439.92059,0.32153,1401,3.59714,3.39231,TT-Full,
440.00800,0.07947,1402,3.20234,2.85376,TT-Full,
440.24902,0.17468,1403,3.76453,3.63615,,
440.47003,0.21460,1404,3.59800,3.40389,,
440.65790,0.18115,1405,3.65942,3.55960,,
440.96594,0.30139,1406,3.79944,3.50965,,
441.16693,0.19403,1407,3.89337,3.46312,,
441.46124,0.28815,1408,3.74822,3.59938,,
441.82330,0.35522,1409,3.74497,3.47428,,
442.09802,0.24805,1410,3.82756,3.36076,,
442.59393,0.46973,1411,3.93947,3.67112,,
442.76862,0.16882,1412,3.80808,3.56688,,
442.99554,0.20142,1413,3.90058,3.48299,,
443.42426,0.40259,1414,3.57947,3.31994,,
443.62518,0.13440,1415,3.47822,3.44787,TT-Full,
443.76587,0.13428,1416,3.54173,3.61556,TT-Full,
444.22754,0.43561,1417,3.62128,3.45179,TT-Full,
444.44916,0.21442,1418,3.65051,3.78540,TT-Full,
445.41986,0.96423,1419,3.53416,3.31527,TT-Full,
445.59448,0.10718,1420,3.66865,3.29468,,
445.95624,0.35498,1421,3.39023,3.13416,,
446.21027,0.18677,1422,3.61856,3.55395,TT-Full,
446.44458,0.22687,1423,3.73959,3.49907,TT-Full,
446.69971,0.24774,1424,3.53097,3.40176,ST-TT-Full,
446.90741,0.18115,1425,3.58677,3.59310,ST-Full,
447.24213,0.30792,1426,3.67782,3.65750,ST-Full-W4-W16,
447.52319,0.25409,1427,3.60244,3.53302,ST-Full,
447.75806,0.20819,1428,3.67140,3.78208,ST-Full,
447.91852,0.15442,1429,3.88534,3.92362,ST-Full-W16,
448.14008,0.21454,1430,3.55757,3.60082,ST-Full-W15,
448.51465,0.34845,1431,3.51476,3.52389,TT-Full,
448.84943,0.26746,1432,4.00589,3.75122,TT-Full,
449.02405,0.14752,1433,3.72154,3.82145,ST-Full,
449.25848,0.18756,1434,3.40946,3.13016,,
449.78711,0.50256,1435,3.80987,3.46201,,
450.00842,0.19470,1436,3.58509,3.55166,ST-TT-Full,
450.42407,0.40863,1437,3.43582,3.36317,ST-TT-Full,
450.62439,0.15350,1438,4.02014,3.16518,ST-Full,
450.91925,0.26788,1439,4.03333,3.19551,TT-Full,
451.15387,0.22772,1440,3.90593,3.08285,TT-Full,
451.30176,0.14093,1441,3.21504,3.07897,TT-Full,
451.48907,0.18085,1442,3.12895,3.02860,TT-Full,
451.65625,0.16052,1443,3.90306,3.22091,TT-Full,
451.85773,0.15454,1444,3.85052,3.96442,ST-Full-W3,
452.16510,0.28082,1445,4.02464,4.00774,ST-Full,
452.40033,0.22803,1446,3.87533,4.06688,ST-Full,
452.66107,0.21417,1447,3.39013,3.16883,ST-Full-W8,
452.85553,0.18811,1448,3.60240,3.35115,ST-Full-W9,
453.13635,0.21387,1449,3.53397,3.18422,ST-Full,
453.46509,0.32153,1450,3.68130,3.33207,,
453.72632,0.25458,1451,3.63263,3.20512,,
453.94690,0.21393,1452,3.63810,3.18502,,
454.16199,0.20795,1453,3.69205,3.28822,,
454.50330,0.33502,1454,3.65152,3.32074,,
454.69012,0.18011,1455,4.72960,3.19170,,
454.97217,0.25482,1456,3.66732,3.44097,,
455.19995,0.16077,1457,3.97513,3.28099,,
455.38037,0.17419,1458,3.85176,3.78771,,
455.60852,0.20135,1459,3.45702,3.47837,,
455.94354,0.30847,1460,3.97582,3.89494,,
456.29175,0.32208,1461,4.06045,4.00083,,
456.62616,0.30798,1462,4.15186,3.87432,,
456.83459,0.18109,1463,3.71754,3.53941,,
457.44989,0.60889,1464,3.62684,3.56076,,
457.67834,0.16138,1465,4.26297,3.38913,,
457.96588,0.26074,1466,3.50244,3.43483,,
458.26105,0.28796,1467,3.51383,3.47017,,
458.40796,0.14020,1468,3.54139,3.46845,,
458.60895,0.19379,1469,3.59512,3.45393,,
458.75012,0.13440,1470,4.02424,3.79219,,
458.97827,0.20142,1471,4.28784,4.22827,,
459.37970,0.37537,1472,4.02293,3.73185,,
459.78162,0.33490,1473,4.25900,3.45967,,
460.17017,0.36237,1474,4.28905,3.38768,,
460.29065,0.11383,1475,3.68848,3.59153,,
460.44421,0.12689,1476,3.82945,3.60676,,
460.73895,0.22754,1477,3.67148,3.36374,,
460.95331,0.20715,1478,3.69441,3.28186,,
461.40887,0.44836,1479,3.50948,3.19350,,
461.55670,0.14044,1480,3.49846,3.10299,,
461.92444,0.36151,1481,3.42919,3.04746,,
462.10596,0.13440,1482,3.41850,3.55578,,
462.25336,0.14093,1483,3.30081,3.37050,,
462.62842,0.36841,1484,3.37970,3.27570,,
462.92963,0.29456,1485,3.12710,3.19535,,
463.17767,0.24164,1486,3.15474,3.29488,,
463.37817,0.19366,1487,3.29395,3.30301,,
463.84015,0.45483,1488,3.27671,3.26883,,
463.98798,0.14105,1489,3.46447,3.46065,,
464.20251,0.20782,1490,4.02556,3.99867,,
464.49054,0.26166,1491,3.96906,3.59451,,
464.61084,0.11359,1492,4.12178,3.94319,,
464.79199,0.17419,1493,3.95029,3.98811,,
464.91199,0.11383,1494,4.09697,3.89670,,
465.06000,0.14056,1495,3.94881,4.05510,,
465.24017,0.17358,1496,3.50939,3.47787,,
465.39441,0.14709,1497,3.69705,3.34680,,
465.90338,0.50189,1498,3.51675,3.49293,,
466.02448,0.11389,1499,3.58623,3.35670,,
466.37946,0.34821,1500,4.07172,3.67756,,
466.57306,0.16681,1501,4.06877,4.03387,,
466.70117,0.12073,1502,3.51898,3.40509,,
466.91528,0.20758,1503,3.64411,3.41274,,
467.04956,0.12750,1504,3.95291,4.15814,,
467.33734,0.28131,1505,3.93599,3.84580,,
467.47131,0.12726,1506,3.69869,3.67455,,
467.63165,0.15363,1507,3.61817,3.42118,,
468.04065,0.40216,1508,3.55976,3.38570,,
468.21503,0.16766,1509,3.60225,3.59418,,
468.33545,0.11365,1510,4.07853,3.77700,,
468.52966,0.16797,1511,3.99568,3.79142,,
468.74402,0.18756,1512,4.02585,2.87088,,
468.97791,0.22723,1513,4.21132,2.88151,,
469.29999,0.31482,1514,4.29206,2.80154,,
469.50055,0.19446,1515,4.04589,2.78448,,
469.62097,0.11353,1516,4.25507,2.71381,,
469.99683,0.36865,1517,4.04901,2.73274,,
470.14398,0.14069,1518,4.23108,2.71464,,
470.38458,0.23444,1519,4.18686,2.68737,,
470.55933,0.16791,1520,4.13329,4.15360,,
470.76654,0.18097,1521,4.16058,2.80871,,
470.99469,0.22131,1522,3.99971,4.22157,,
471.17499,0.17389,1523,3.99769,4.00462,,
471.38983,0.20813,1524,3.89967,3.81285,,
471.49792,0.10199,1525,3.80010,3.74123,,
471.69769,0.19287,1526,4.19224,3.74463,,
471.90558,0.20135,1527,4.09376,3.73442,,
472.05920,0.14740,1528,4.02311,3.93614,,
472.23993,0.15344,1529,3.35286,3.52259,,
472.50165,0.23431,1530,3.60858,3.55412,,
472.62231,0.11365,1531,3.54990,3.31509,,
472.93677,0.30774,1532,3.57293,3.40657,,
473.37885,0.43500,1533,3.59135,3.46760,,
473.63348,0.24738,1534,3.64868,3.37251,,
473.79480,0.15436,1535,3.64635,3.46662,,
473.96210,0.16138,1536,3.80616,3.58268,,
474.07587,0.10706,1537,3.58766,3.58072,,
474.47070,0.38788,1538,3.67390,3.39295,,
474.75244,0.27545,1539,3.59357,3.28239,,
475.42175,0.66266,1540,3.63148,3.37149,,
475.59680,0.16785,1541,3.24109,3.40802,,
475.97131,0.34814,1542,3.29357,3.30471,,
476.11847,0.14026,1543,3.25577,3.34914,,
476.26624,0.14093,1544,3.46549,3.17739,,
476.39313,0.12073,1545,3.25342,3.22574,,
476.48077,0.08130,1546,3.95167,3.81553,,
476.66101,0.15442,1547,3.93639,3.84254,,
476.77484,0.10602,1548,3.44106,3.39997,,
476.88257,0.10010,1549,3.45179,3.36597,,
477.08289,0.19379,1550,3.33245,3.32236,,
477.67932,0.56964,1551,3.45835,3.51088,,
477.83392,0.14807,1552,3.47625,3.54384,,
478.10199,0.24158,1553,3.69149,3.64074,,
478.29584,0.16791,1554,3.71872,3.68947,,
478.47681,0.15442,1555,3.56328,3.44885,,
478.79773,0.29413,1556,3.23859,3.05190,,
479.04626,0.22125,1557,3.57042,3.56843,,
479.23956,0.18744,1558,3.54804,3.50207,,
479.38739,0.14008,1559,3.96536,3.54775,,
479.62195,0.22821,1560,3.71392,3.47907,,
479.78412,0.13495,1561,4.08380,4.23215,,
480.15100,0.36212,1562,4.13092,4.26305,,
480.26514,0.10706,1563,4.29029,3.89653,,
480.49292,0.22101,1564,4.16915,3.94153,,