TIME(2023/11/07 11:05:57.076),FPOGD,FPOGID,LPMM,RPMM,AOI,
0.34845,0.34845,1,3.56245,3.22186,,
0.53796,0.18298,2,3.73975,3.38421,,
0.72333,0.18103,3,3.85954,3.49330,,
0.91718,0.16742,4,3.62470,3.49082,,
1.05115,0.12714,5,3.65822,3.46713,,
1.21179,0.15338,6,3.64178,3.55608,,
1.47412,0.25543,7,4.62378,3.37549,,
1.73499,0.23450,8,3.78008,3.86741,,
2.22992,0.48816,9,3.90916,3.91169,,
2.75977,0.52295,10,3.87170,3.88572,,
3.03430,0.26825,11,4.00141,2.79966,,
3.20148,0.14081,12,3.00196,2.63254,,
3.42950,0.20105,13,2.99422,2.58124,,
3.68359,0.24756,14,3.14872,2.74493,,
3.84485,0.15497,15,3.17766,2.79674,,
4.31372,0.46222,16,3.26223,2.85170,ST-Full-W1,
4.42084,0.10101,17,3.27340,2.89439,Full,
4.69556,0.26849,18,3.31955,2.95512,ST-Full-W1,
5.02399,0.32178,19,3.29544,2.85161,ST-Full-W1,
5.71991,0.68951,20,3.19071,2.84960,ST-Full-W2,
5.94818,0.22107,21,3.16651,2.78619,ST-Full,
6.16235,0.20776,22,3.19098,2.82904,ST-Full-W4,
6.95911,0.78998,23,3.11668,2.70656,ST-Full,
7.19385,0.22754,24,3.07256,2.69027,ST-Full,
7.81018,0.60999,25,3.06221,2.60045,ST-Full-W4,
8.13196,0.31519,26,3.16911,2.85210,ST-Full,
8.53363,0.39514,27,3.17248,2.72815,ST-Full,
8.79486,0.25476,28,3.18522,2.70604,ST-Full,
9.13654,0.33490,29,3.17501,2.78565,ST-Full,
9.30402,0.16077,30,3.16152,2.83848,ST-Full,
9.57190,0.26117,31,3.12484,2.83939,ST-Full,
9.81982,0.24121,32,3.11061,2.84308,ST-Full,
10.06042,0.23431,33,3.12471,2.84288,ST-Full,
10.25482,0.18726,34,3.09450,2.88002,ST-Full,
10.48273,0.22125,35,3.06526,2.82352,ST-Full,
11.35315,0.86395,36,3.01104,2.77690,ST-Full,
11.56116,0.20129,37,3.07440,2.78778,ST-Full,
11.80225,0.23480,38,3.07699,2.81023,ST-Full,
12.19763,0.38898,39,3.04978,2.84484,ST-Full,
12.44543,0.24109,40,2.99447,2.81756,ST-Full,
12.61298,0.16125,41,3.01038,2.85451,ST-Full,
12.86755,0.24792,42,3.02725,2.90226,ST-Full,
13.34967,0.47546,43,3.05955,2.86620,ST-Full,
13.91199,0.55597,44,3.01345,2.81061,ST-Full-W7,
14.20673,0.28754,45,3.03057,2.80841,ST-Full,
14.62250,0.40906,46,2.97605,2.84734,ST-Full-W7,
14.86987,0.24066,47,2.94268,2.84974,ST-Full-W8,
15.03107,0.15448,48,2.95746,2.86976,ST-Full-W8,
15.24548,0.20868,49,2.86604,2.84377,ST-Full-W9,
15.49341,0.24127,50,2.93526,2.83814,ST-Full-W8-W9,
15.60718,0.10718,51,2.94473,2.83310,ST-Full,
15.82159,0.20770,52,2.98721,2.92445,ST-Full-W9,
16.02917,0.20099,53,2.97316,2.88033,ST-Full-W9,
16.16956,0.13379,54,2.90204,2.83528,ST-Full-W9,
16.29663,0.12012,55,2.93199,2.81839,ST-Full,
16.44440,0.14069,56,3.03198,2.85654,ST-Full,
16.67853,0.16718,57,3.10516,2.71269,ST-Full-W12,
17.14075,0.43530,58,3.08974,2.63888,ST-Full-W1,
17.30817,0.16046,59,2.99248,2.59243,ST-Full-W1,
17.53552,0.22076,60,3.00322,4.31058,ST-Full-W1,
17.67651,0.11371,61,2.98510,2.70461,ST-Full,
17.81702,0.11328,62,2.99723,3.83975,ST-Full-W13,
18.46082,0.63678,63,3.07793,2.71690,ST-Full-W3-W13,
18.85590,0.36853,64,3.09450,2.69799,ST-Full-W1,
19.29120,0.42871,65,3.09557,2.71287,ST-Full,
19.63287,0.33514,66,3.11549,2.67501,ST-Full-W1,
19.78687,0.14752,67,3.06670,2.72073,ST-Full,
20.00122,0.20758,68,3.00912,2.62252,ST-Full,
20.22894,0.22125,69,3.10518,2.68957,ST-Full,
20.62402,0.38824,70,3.05555,2.66872,ST-Full,
21.16632,0.53540,71,3.02770,2.59127,ST-Full-W1,
21.57483,0.40143,72,2.93184,2.56326,ST-Full,
21.87677,0.29468,73,2.97082,2.58903,ST-Full,
22.13092,0.24750,74,2.92796,2.64659,ST-Full,
22.35889,0.22107,75,2.98072,2.64996,ST-Full,
22.53326,0.16791,76,2.98204,2.68552,ST-Full,
22.68018,0.14050,77,2.97291,2.64095,ST-Full,
22.96869,0.28192,78,3.00702,2.54967,ST-Full-W3,
23.86633,0.89105,79,2.98108,2.65164,ST-Full,
24.16095,0.28809,80,2.98746,2.59059,ST-Full,
25.01166,0.84412,81,2.94922,2.62540,ST-Full,
25.23938,0.22101,82,3.03905,2.64370,ST-Full,
25.54041,0.29431,83,3.00657,2.58958,ST-Full,
25.92926,0.38196,84,3.11022,2.74855,ST-Full,
26.23077,0.29510,85,3.07693,2.84860,ST-Full,
26.57898,0.34155,86,3.14500,2.92727,ST-Full,
26.84027,0.25452,87,3.13637,2.92069,ST-Full,
27.06763,0.22070,88,3.14348,2.95157,ST-Full,
27.29578,0.20081,89,3.17525,3.00370,ST-Full,
27.52283,0.22028,90,3.31397,3.02832,ST-Full,
27.73785,0.18756,91,3.15257,2.79897,ST-Full,
27.95844,0.21436,92,3.17219,2.83605,ST-Full,
28.24683,0.28143,93,3.08789,2.74421,ST-Full,
28.42108,0.16748,94,3.04601,2.65497,ST-Full,
28.79614,0.36835,95,2.98317,2.64333,ST-Full,
28.95007,0.14722,96,3.00368,2.70490,ST-Full,
29.19806,0.24164,97,3.03015,2.64252,ST-Full-W2-W3,
29.78748,0.58264,98,3.04877,2.66760,ST-Full,
30.01501,0.22095,99,3.01358,2.70728,ST-Full,
30.27618,0.25421,100,3.08711,2.68472,ST-Full,
30.48395,0.20068,101,2.99924,2.70391,ST-Full,
30.59106,0.10065,102,3.05562,2.73577,ST-Full,
30.93909,0.34149,103,3.20408,2.84933,ST-Full-W1,
31.22089,0.25452,104,3.04665,2.71263,ST-Full-W3,
31.35449,0.12677,105,2.97409,2.72541,ST-Full,
31.42841,0.02661,106,2.98137,2.72513,,
31.51562,0.04041,107,2.92933,2.68451,,
31.65619,0.11371,108,2.93312,2.70780,ST-Full,
31.92395,0.12012,109,2.98600,2.80472,ST-Full,
32.09174,0.16125,110,2.90909,2.77252,ST-Full,
32.52051,0.42212,111,3.00095,2.83181,ST-Full,
32.72137,0.19427,112,2.97193,2.78272,ST-Full,
32.91522,0.18713,113,2.94744,2.83772,ST-Full,
33.15021,0.22815,114,2.91017,2.81988,ST-Full-W6,
33.28363,0.12708,115,3.03261,2.81640,ST-Full,
33.95386,0.66315,116,2.85384,2.73137,ST-Full,
34.20837,0.24774,117,2.85805,2.67178,ST-Full-W7,
34.46252,0.24786,118,2.87937,2.69327,ST-Full,
34.76404,0.29437,119,2.87667,2.69282,ST-Full,
35.15955,0.38855,120,2.90869,2.75904,ST-Full,
35.50098,0.33459,121,2.96228,2.74803,ST-Full,
35.62158,0.11365,122,2.88726,2.79503,ST-Full,
35.84949,0.22107,123,2.89580,2.82505,ST-Full-W8,
36.09052,0.23456,124,2.89737,2.81527,ST-Full-W9,
36.44562,0.34869,125,2.93867,2.90858,ST-Full-W8,
36.68011,0.22791,126,3.03916,2.99106,ST-Full-W9,
36.92102,0.23444,127,3.15379,3.06856,ST-Full-W9,
37.17627,0.18811,128,3.17296,2.88780,ST-Full-W2,
37.81189,0.63000,129,3.04267,2.74715,ST-Full-W1,
37.89941,0.08081,130,3.02328,2.68013,ST-Full-W11,
37.92596,0.02008,131,3.02281,2.70740,,
38.14032,0.18799,132,2.99110,2.74007,ST-Full-W12,
38.44177,0.29462,133,2.94197,2.69987,ST-Full-W3,
38.60229,0.15363,134,2.96020,2.64663,ST-Full-W13,
38.90411,0.29535,135,2.93832,2.64806,ST-Full-W2,
39.11798,0.20734,136,2.92514,2.69074,ST-Full-W1,
39.33929,0.19415,137,3.20852,2.85420,ST-Full-W3-W13,
39.52014,0.11377,138,2.86568,2.82012,ST-Full-W9,
39.68073,0.15387,139,3.03965,2.88301,ST-Full,
40.03558,0.32855,140,3.05336,2.82238,ST-Full,
40.24347,0.20099,141,2.97770,2.88793,ST-Full,
40.53168,0.28137,142,3.01198,2.86330,ST-Full,
41.07428,0.53589,143,2.95714,2.81085,ST-Full,
41.41583,0.33496,144,3.08761,2.81961,ST-Full,
41.77753,0.35498,145,2.95730,2.84566,ST-Full,
41.97845,0.19427,146,2.99471,2.90015,ST-Full,
42.45361,0.46869,147,2.98911,2.83784,ST-Full-W8,
42.70862,0.24805,148,2.89847,2.85039,ST-Full,
42.86267,0.14777,149,2.88398,2.90718,ST-Full,
42.98993,0.12061,150,2.92267,2.83263,ST-Full-W9,
43.17755,0.18079,151,3.06883,2.88752,ST-Full-W8,
43.37842,0.19421,152,3.22774,3.06175,ST-Full,
43.61304,0.18768,153,3.19136,2.80894,ST-Full-W2,
43.95471,0.33508,154,3.16450,2.72434,ST-Full-W1,
44.17511,0.21393,155,3.07283,2.71131,ST-Full-W1,
44.41669,0.23438,156,3.05372,2.63885,ST-Full,
44.65070,0.22736,157,3.10741,2.73565,ST-Full,
45.00574,0.34833,158,3.15564,2.83630,ST-Full-W1,
45.50183,0.48889,159,3.28769,2.86130,ST-Full-W1,
45.71576,0.20721,160,3.31489,2.82904,ST-Full-W1,
45.89697,0.17407,161,3.32099,2.78597,ST-Full,
46.07117,0.16772,162,3.36499,2.79772,ST-Full-W2,
46.41235,0.33490,163,3.19523,2.71947,ST-Full,
46.68738,0.26788,164,3.20817,2.73643,ST-Full,
46.84772,0.15363,165,3.22583,2.79285,ST-Full-W1,
47.05579,0.20093,166,3.22637,2.80518,ST-Full,
47.16302,0.10071,167,3.15224,2.84402,ST-Full,
47.65149,0.48199,168,3.12582,2.80150,ST-Full-W1,
47.88641,0.22833,169,3.22852,2.85320,ST-Full-W1,
48.06006,0.16687,170,3.21705,2.94355,ST-Full,
48.45587,0.38873,171,3.16722,2.84480,ST-Full,
48.69696,0.23431,172,3.08813,2.74159,ST-Full-W2-W3,
48.98492,0.28156,173,3.18039,2.81167,ST-Full,
49.15863,0.10693,174,3.21545,2.93080,ST-Full,
49.63470,0.46942,175,3.21082,2.90609,ST-Full,
49.86249,0.22137,176,3.07582,2.78452,ST-Full-W1,
50.17706,0.30792,177,3.15155,2.77799,ST-Full-W1,
50.57898,0.39502,178,3.21938,2.82450,ST-Full,
50.80646,0.22107,179,3.18966,2.76989,ST-Full,
51.19501,0.38177,180,3.11804,2.85041,ST-Full,
51.66443,0.44238,181,3.07922,2.72242,ST-Full-W3,
51.95239,0.28143,182,3.07377,2.78357,ST-Full,
52.44128,0.48230,183,3.07656,2.80530,ST-Full-W3-W4,
52.82947,0.38153,184,3.15000,2.82511,ST-Full,
53.00348,0.16699,185,3.18361,2.96015,ST-Full,
53.27863,0.26776,186,3.29296,2.89959,ST-Full,
53.53979,0.25500,187,3.19772,2.88723,ST-Full,
53.74750,0.20093,188,3.17205,2.83697,ST-Full,
53.96185,0.16791,189,3.15388,2.92384,ST-Full-W12,
54.13550,0.14685,190,3.23256,2.95296,ST-Full,
54.34326,0.20062,191,3.16540,2.91763,ST-Full-W3,
54.46417,0.11420,192,3.15495,2.82961,ST-Full-W2-W12,
54.57812,0.10724,193,3.10501,2.80940,ST-Full-W12,
54.67816,0.09332,194,3.07219,2.76302,ST-Full-W12,
55.22064,0.53583,195,3.03150,2.76409,ST-Full-W3,
55.40192,0.17407,196,2.57233,2.71476,ST-Full-W1-W2,
55.78333,0.27429,197,3.21722,2.84998,ST-Full-W1,
56.02502,0.23431,198,3.17317,2.77439,ST-Full-W1,
56.17902,0.14764,199,3.14183,2.81341,ST-Full-W1,
56.29279,0.08752,200,3.15619,2.81876,ST-Full-W12,
56.43304,0.13373,201,3.15280,2.78040,ST-Full-W2,
56.70142,0.24115,202,3.24683,2.85088,ST-Full-W12,
56.92255,0.19434,203,3.16442,2.83720,ST-Full-W1,
57.15033,0.22089,204,3.12921,2.86568,ST-Full-W3,
57.90021,0.74329,205,2.87346,2.58945,ST-Full-W3-W4,
58.09406,0.18732,206,2.78743,2.50930,ST-Full,
58.58374,0.48248,207,2.84834,2.61048,ST-Full,
58.67749,0.08710,208,2.88706,2.68363,ST-Full,
58.77130,0.08716,209,2.84560,2.70429,,
58.95837,0.18048,210,2.91730,2.75479,ST-Full,
59.33392,0.28833,211,2.99481,2.75640,ST-Full,
59.51459,0.17401,212,2.94243,2.86203,ST-Full,
59.71521,0.19427,213,3.04302,2.89218,ST-Full,
60.15076,0.36804,214,2.95343,2.82223,ST-Full,
60.29132,0.13403,215,2.97595,2.81755,ST-Full,
60.49225,0.19385,216,2.91035,2.83849,ST-Full,
60.73383,0.23468,217,2.97087,2.76767,ST-Full,
60.95483,0.21423,218,2.99880,2.85604,ST-Full,
61.10223,0.02008,219,2.98266,2.86556,,
61.22968,0.10065,220,2.98903,2.77250,ST-Full,
61.48383,0.24756,221,3.07395,2.79969,ST-Full,
61.75867,0.26843,222,3.17787,2.88057,ST-Full,
61.97296,0.20752,223,3.19611,2.90022,ST-Full,
62.25391,0.25433,224,3.19154,2.93503,ST-Full,
62.44159,0.18097,225,3.18027,2.84386,ST-Full,
62.54907,0.10046,226,3.10062,2.84382,ST-Full-W1,
62.79663,0.24084,227,3.05193,2.82856,,
63.05817,0.25500,228,3.05357,2.76375,ST-Full,
63.15881,0.09399,229,3.04809,2.77361,ST-Full,
63.27191,0.08655,230,3.06114,2.77987,,
63.58740,0.28802,231,3.06922,2.87113,ST-Full,
63.68744,0.09338,232,3.07410,2.86395,ST-Full,
63.84192,0.04736,233,3.08557,2.85555,,
64.00262,0.09406,234,3.01290,2.91981,ST-Full,
64.20361,0.11414,235,3.00365,2.84803,ST-Full-W4,
64.35089,0.14056,236,3.06342,2.85186,ST-Full-W4,
64.46466,0.10730,237,3.01487,2.87364,ST-Full,
64.70593,0.21423,238,3.05124,2.89958,ST-Full,
66.08521,1.37256,239,3.04903,2.95908,ST-Full,
66.30023,0.20837,240,3.02730,2.90702,ST-Full,
66.38733,0.08099,241,3.05628,2.89955,ST-Full,
66.49420,0.08063,242,3.02355,2.84404,,
66.62177,0.08087,243,3.00695,2.92859,,
66.85565,0.22729,244,2.99759,2.96268,ST-Full,
66.98993,0.12756,245,3.01143,3.01529,ST-Full-W8,
67.30505,0.30865,246,2.99351,3.01566,ST-Full,
67.41833,0.10724,247,3.15543,3.01136,ST-Full,
67.52600,0.04047,248,3.14856,2.90920,,
67.68005,0.10724,249,3.18175,2.93162,ST-Full-W1,
68.16235,0.47626,250,3.10140,2.79327,ST-Full-W1-W11,
68.35663,0.12756,251,3.13340,2.82435,ST-Full-W1,
68.48395,0.08069,252,3.98614,2.83594,ST-Full,
68.75842,0.22827,253,4.09590,4.18758,ST-Full-W3,
68.89917,0.13403,254,3.16832,2.94464,ST-Full-W13,
69.07965,0.17383,255,3.81680,3.99746,ST-Full-W13,
69.27393,0.18719,256,3.93582,4.09363,ST-Full,
69.56879,0.24762,257,3.10723,3.00305,ST-Full-W9,
69.95728,0.36145,258,3.09931,2.94766,ST-Full,
70.27209,0.30829,259,3.11480,2.96694,ST-Full-W7,
70.53333,0.25494,260,3.05297,2.91060,ST-Full,
70.72754,0.18738,261,2.99518,2.92761,ST-Full,
70.90198,0.16803,262,3.09573,2.98159,ST-Full-W9,
71.23682,0.32819,263,3.12361,2.97124,ST-Full,
71.42444,0.18085,264,2.99629,3.01344,ST-Full,
71.79285,0.36194,265,2.99859,3.01112,ST-Full-W8,
72.10089,0.30151,266,3.03294,3.05632,ST-Full-W9,
72.27484,0.16718,267,3.27152,3.33172,ST-Full-W9,
72.50952,0.16742,268,3.16405,2.97359,ST-Full-W2,
72.92499,0.40894,269,3.08818,2.87251,ST-Full-W1,
73.21301,0.28168,270,3.05352,2.81639,ST-Full-W1,
73.55444,0.33490,271,3.07137,3.87599,ST-Full-W3-W13,
73.64819,0.08746,272,3.16508,2.82404,ST-Full-W12,
73.86255,0.20782,273,3.13298,2.83320,ST-Full-W1,
74.41852,0.54932,274,3.15643,2.89261,ST-Full-W1,
74.59277,0.16748,275,3.72386,3.52906,ST-Full,
74.87396,0.19452,276,3.85221,2.92668,Full,
75.10126,0.20093,277,2.95286,2.90003,TT-Full,
75.38977,0.26117,278,2.86114,2.73876,TT-Full,
75.61060,0.11365,279,3.53790,3.54654,,
75.74463,0.12708,280,3.40890,3.67971,,
75.96582,0.21436,281,3.57458,3.53019,,
76.09277,0.08032,282,3.34941,3.23255,Full,
76.25397,0.13397,283,3.27304,3.20237,TT-Full,
76.84332,0.58276,284,3.15897,3.01339,TT-Full,
77.15125,0.24109,285,3.20337,2.90245,ST-Full-W3-W4,
77.48639,0.30835,286,3.29640,2.92022,ST-Full,
77.84137,0.34833,287,3.41877,2.99999,ST-Full,
78.24982,0.40210,288,3.38047,3.03478,ST-Full,
78.65869,0.40161,289,3.30863,3.01457,ST-Full-W1,
79.56964,0.90436,290,3.40243,3.07813,ST-Full-W1,
79.80408,0.22784,291,3.10556,3.06510,ST-Full-W1,
79.90448,0.09375,292,2.47147,3.13905,ST-Full-W1,
80.13892,0.18744,293,3.51616,3.16940,ST-Full,
80.43365,0.28796,294,3.42113,3.12614,ST-Full,
80.73535,0.29504,295,3.50470,3.10845,ST-Full,
81.33795,0.59619,296,3.47842,3.09098,ST-Full,
81.59875,0.25433,297,3.44933,3.08603,ST-Full,
81.90717,0.30170,298,3.50068,3.04377,ST-Full,
82.04089,0.12726,299,3.45636,3.14322,ST-Full-W1,
82.47650,0.42902,300,3.52921,3.15401,ST-Full,
82.70404,0.22113,301,3.45176,3.04867,ST-Full,
83.09937,0.38867,302,3.27493,2.92689,ST-Full,
83.64215,0.53607,303,3.19493,2.83480,ST-Full,
83.94336,0.29456,304,3.16065,2.75291,ST-Full,
84.07733,0.12708,305,3.19170,2.72087,ST-Full,
84.43903,0.35522,306,3.14014,2.74597,ST-Full,
84.74744,0.30194,307,3.17180,2.79532,ST-Full,
85.76514,1.01111,308,3.06607,2.64426,ST-Full,
85.89264,0.12036,309,3.04860,2.71569,,
86.12732,0.22821,310,3.01105,2.69041,ST-Full-W2-W3,
86.52887,0.39496,311,2.98550,2.67245,ST-Full,
86.89728,0.36182,312,3.06251,2.82600,ST-Full-W3,
87.13208,0.22778,313,3.06337,2.70111,ST-Full,
87.26575,0.12708,314,3.07101,2.70113,ST-Full,
87.84857,0.57593,315,2.97827,2.77680,ST-Full,
88.08972,0.23462,316,3.11717,2.78364,ST-Full,
88.29034,0.19415,317,3.14536,2.87003,ST-Full,
88.56549,0.26794,318,3.12786,2.88263,ST-Full,
88.77979,0.20831,319,3.16101,2.84827,ST-Full,
88.87317,0.02637,320,3.18711,2.82465,,
89.04755,0.08716,321,3.14961,2.80389,ST-Full,
89.24176,0.18762,322,3.21083,2.81637,ST-Full,
89.52301,0.27405,323,3.13350,2.76788,ST-Full,
89.63672,0.10693,324,3.11525,2.77884,ST-Full,
89.66394,0.02008,325,3.16934,2.79000,,
89.96503,0.29425,326,3.07618,2.73569,ST-Full-W4,
90.07922,0.10760,327,3.07190,2.93207,ST-Full,
90.25348,0.16742,328,3.18444,2.84267,ST-Full,
91.05054,0.77032,329,3.32120,2.93783,ST-Full-W3,
91.29834,0.22101,330,3.27390,2.98559,ST-Full,
91.43237,0.12756,331,3.23664,3.00332,ST-Full,
91.55292,0.11383,332,3.19265,2.88965,,
91.92786,0.34808,333,3.25547,2.85857,ST-Full-W4,
92.07538,0.14105,334,3.18822,2.87350,ST-Full,
92.37659,0.27441,335,3.16071,2.92021,ST-Full,
92.59094,0.20782,336,3.17478,2.93816,ST-Full,
92.75867,0.16107,337,3.17935,2.91470,ST-Full,
93.07349,0.28809,338,3.16448,2.86266,ST-Full,
93.60260,0.52228,339,3.20626,3.01607,ST-Full,
93.80304,0.19379,340,3.30012,2.99045,ST-Full,
93.91705,0.08667,341,2.18182,2.75979,ST-Full,
94.47302,0.48865,342,3.10880,2.80331,ST-Full,
94.66095,0.18060,343,3.02001,2.79805,ST-Full,
94.78821,0.10089,344,3.04413,2.74023,ST-Full-W11,
95.00220,0.18713,345,3.09868,2.74393,,
95.15668,0.14783,346,3.08231,2.79695,ST-Full,
95.46466,0.30133,347,3.08483,2.83066,ST-Full-W3,
95.63861,0.16736,348,4.37559,2.79871,ST-Full-W4,
95.73315,0.08759,349,3.12502,2.95191,ST-Full-W4,
96.16809,0.40863,350,3.11655,2.95357,ST-Full,
96.49628,0.32153,351,3.18729,2.96671,ST-Full,
96.82446,0.30139,352,3.22091,2.92067,ST-Full,
97.01202,0.18103,353,3.24572,2.89197,ST-Full,
97.23303,0.21423,354,3.22742,2.86660,ST-Full,
97.46021,0.22040,355,3.26354,2.85775,ST-Full,
97.71533,0.18793,356,3.15816,2.78939,ST-Full-W1,
97.98315,0.26123,357,3.17874,2.74890,ST-Full-W1,
98.32452,0.27429,358,3.13072,2.73003,ST-Full-W1,
98.78711,0.45575,359,3.09197,2.74482,ST-Full,
99.04144,0.24768,360,3.06570,2.77527,ST-Full,
99.58423,0.53607,361,3.14234,2.73724,ST-Full-W3,
100.02625,0.43536,362,3.10877,2.79195,ST-Full-W3-W4,
100.53540,0.50256,363,3.22536,2.81242,ST-Full,
100.76978,0.22766,364,3.30774,2.83022,ST-Full,
101.11121,0.31458,365,4.23278,2.92928,ST-Full,
101.29901,0.16077,366,3.30495,2.94507,ST-Full-W4,
101.57330,0.26776,367,3.34145,2.92766,ST-Full-W2,
101.87506,0.29480,368,3.37930,2.95153,ST-Full,
102.12268,0.24091,369,3.36234,2.91382,ST-Full,
102.26984,0.14026,370,4.19576,2.99127,ST-Full,
102.59802,0.30127,371,4.13215,3.00835,ST-Full-W4,
102.79926,0.19409,372,4.21008,2.97234,ST-Full,
103.06067,0.23474,373,4.42039,2.98787,ST-Full-W4,
103.34180,0.27478,374,3.41113,3.04412,ST-Full-W3,
103.49603,0.14752,375,4.24732,2.99152,ST-Full-W2,
103.71033,0.18787,376,3.30297,3.08053,ST-Full,
104.00513,0.28815,377,3.19863,2.97392,ST-Full,
104.22614,0.21490,378,3.18026,2.91947,ST-Full,
104.44720,0.21484,379,3.23697,2.92623,ST-Full,
104.69470,0.24127,380,3.25429,2.99798,ST-Full,
105.03662,0.33545,381,3.30811,2.90616,ST-Full,
105.25067,0.18713,382,3.28413,2.86839,ST-Full,
105.43195,0.17419,383,3.22970,2.80799,ST-Full,
105.68604,0.24780,384,3.75989,3.75222,ST-Full,
105.92749,0.15448,385,3.69808,3.48457,,
106.12134,0.16718,386,3.65172,3.51715,,
106.28241,0.15393,387,3.82433,3.81040,,
106.54333,0.25427,388,3.63928,3.51152,,
106.83838,0.26776,389,3.73832,3.33206,,
107.00549,0.16046,390,3.75035,3.47316,,
107.11292,0.10046,391,3.90653,3.61477,,
107.53497,0.41559,392,3.95559,3.42284,,
107.60211,0.04010,393,3.41445,2.60237,,
107.82965,0.12048,394,4.05023,3.33291,ST-Full,
109.33704,1.48096,395,3.01147,3.08443,TT-Full,
110.51562,1.17194,396,3.10745,3.14700,TT-Full,
110.56287,0.02032,397,3.06809,3.08033,,
110.77667,0.14703,398,3.69765,3.20170,,
110.93127,0.14740,399,3.58078,3.42893,,
111.13843,0.20099,400,3.46830,3.32661,,
111.36639,0.20105,401,4.02283,3.71560,,
111.60107,0.22809,402,3.97908,3.90400,,
111.78186,0.17462,403,4.05440,4.00746,,
112.23743,0.44879,404,3.87039,3.94150,,
112.49146,0.22748,405,4.10898,3.81827,,
112.79327,0.29480,406,3.95444,3.80716,,
112.96729,0.14758,407,4.32770,3.99804,,
113.45648,0.48224,408,3.97659,3.68803,,
113.82446,0.34131,409,3.94476,3.68252,,
114.04559,0.21417,410,3.77705,3.55579,,
114.84973,0.65643,411,3.19769,3.07538,TT-Full,
115.01794,0.12170,412,3.09981,4.17211,ST-Full-W13,
115.14410,0.12067,413,3.18057,2.90169,ST-Full-W13,
115.32489,0.15369,414,3.71990,3.67742,ST-Full,
115.52631,0.11371,415,3.75982,3.70103,,
115.76068,0.22760,416,3.55630,3.62576,,
116.14258,0.35541,417,3.84320,3.43188,,
116.47760,0.22791,418,4.10575,3.30491,ST-Full,
116.61139,0.12720,419,4.06818,3.11732,TT-Full,
116.80573,0.14789,420,4.61111,2.99534,ST-Full,
116.97308,0.16058,421,4.23823,2.98458,ST-Full,
117.24103,0.26178,422,3.23968,2.92123,ST-Full,
117.58936,0.34161,423,3.30662,2.93025,ST-Full,
117.95111,0.35504,424,3.41100,3.04357,ST-Full,
118.25922,0.28137,425,3.54406,3.48926,ST-Full-W2,
118.51367,0.16736,426,3.77971,3.65772,,
118.63379,0.11383,427,3.76052,3.69141,,
119.02954,0.36847,428,3.80451,3.62301,,
119.29028,0.23425,429,4.11807,3.82379,,
119.48499,0.18768,430,3.72174,3.48181,,
119.90692,0.37555,431,3.86341,3.70903,,
120.21497,0.12054,432,4.21676,3.49700,TT-Full,
120.48969,0.26813,433,3.15403,3.08691,TT-Full,
120.71075,0.21472,434,3.06062,3.00657,TT-Full,
120.90448,0.18750,435,3.10677,3.01240,TT-Full,
121.34717,0.43542,436,3.15080,3.12422,TT-Full,
121.70233,0.34869,437,3.17197,3.04660,TT-Full,
121.97681,0.16754,438,3.60663,3.41156,,
122.19098,0.20746,439,3.82315,3.61086,,
122.33179,0.13422,440,3.69257,3.50657,,
122.73346,0.39502,441,4.01553,3.64569,,
123.30286,0.54260,442,3.69862,3.47232,,
123.66449,0.13379,443,4.45208,3.41844,TT-Full,
123.86566,0.19421,444,3.43232,3.78738,TT-Full,
124.17389,0.24170,445,3.59227,3.64283,,
124.26709,0.08661,446,3.61980,3.62532,,
124.46155,0.18701,447,3.77425,3.66392,,
124.58875,0.12042,448,3.74390,3.44634,,
124.89020,0.29468,449,3.67405,3.36676,,
125.15112,0.17395,450,4.21672,3.52267,TT-Full,
125.29224,0.13470,451,4.09642,3.25975,TT-Full,
125.57324,0.23425,452,3.21695,3.01200,ST-Full-W4,
125.78778,0.20776,453,4.11976,3.10404,ST-Full,
125.99573,0.20074,454,4.38314,3.06975,ST-Full,
126.12970,0.12775,455,3.63924,3.21687,ST-Full,
126.47803,0.32147,456,4.06456,3.21885,TT-Full,
126.79254,0.26758,457,3.37728,3.07713,ST-Full,
126.92682,0.10767,458,3.32806,2.94067,ST-Full,
127.08087,0.14734,459,3.56821,3.34345,ST-Full,
127.43549,0.24744,460,3.73541,3.37945,,
127.91156,0.44922,461,3.86876,3.56825,,
128.20575,0.26746,462,3.83141,3.59384,,
128.54095,0.30841,463,4.13924,3.89654,,
128.83582,0.26788,464,3.63167,3.40436,,
128.89618,0.03387,465,2.47272,3.07630,,
129.55920,0.55554,466,3.93552,2.98257,TT-Full,
129.97430,0.32849,467,3.47865,3.50439,,
130.23578,0.25452,468,3.78072,3.72889,,
130.40302,0.16040,469,3.84643,3.84051,,
130.77173,0.20111,470,3.79426,3.47728,TT-Full,
131.03290,0.25543,471,4.00717,2.99900,TT-Full,
131.26062,0.14056,472,3.42916,3.31917,,
131.49457,0.20728,473,3.61321,3.51134,,
131.62201,0.12030,474,3.71617,3.60899,,
131.92999,0.30157,475,4.00949,3.63357,,
132.24536,0.28870,476,4.15687,3.82744,,
132.52667,0.27466,477,3.90304,3.87084,,
132.83459,0.28125,478,3.96854,3.99880,,
133.11615,0.25476,479,3.99061,4.10722,,
133.36340,0.24072,480,4.01416,3.97386,,
133.61853,0.20764,481,3.99788,3.83865,,
133.74542,0.12024,482,4.07697,3.68826,,
134.05383,0.30139,483,4.10319,3.82584,,
134.15399,0.09436,484,3.93922,3.67682,,
134.40216,0.24109,485,3.96227,3.64331,,
134.56915,0.16034,486,4.04707,3.69128,,
134.83087,0.11414,487,4.05166,3.53545,ST-Full,
135.03857,0.20105,488,3.65811,3.22484,ST-TT-Full,
135.48065,0.43524,489,3.80148,3.02112,TT-Full,
135.66772,0.18036,490,3.76926,3.82547,TT-Full,
135.94928,0.23413,491,3.29024,3.03873,ST-Full-W2,
136.07098,0.11493,492,3.71003,3.94969,ST-Full,
136.38525,0.28882,493,3.33589,3.26347,TT-Full,
136.69562,0.22351,494,3.83586,3.64357,,
136.81366,0.11389,495,3.80473,3.71377,,
137.08777,0.20758,496,3.61460,3.61643,,
137.40308,0.30811,497,3.88458,3.65667,,
137.56384,0.15405,498,3.88014,3.68405,,
137.69116,0.12061,499,3.67431,3.38754,,
137.90546,0.18756,500,3.94551,3.52802,,
138.38104,0.44879,501,3.88119,3.74125,,
138.78296,0.37555,502,3.90947,3.60028,,
139.17761,0.36810,503,3.77565,3.45482,,
139.38580,0.14044,504,3.73746,4.07541,TT-Full,
139.76093,0.36884,505,3.60864,2.87565,ST-TT-Full,
139.86133,0.09369,506,3.00603,2.68913,TT-Full,
140.15613,0.20752,507,3.66763,3.66267,,
140.28308,0.12079,508,3.97845,3.49911,,
140.42407,0.11389,509,3.90421,3.79026,,
140.55078,0.12000,510,4.09925,3.86556,,
140.66522,0.10724,511,3.75958,3.49797,,
141.08740,0.37585,512,3.97918,3.97686,,
141.34174,0.24786,513,3.84267,3.88251,,
141.46252,0.11414,514,3.95613,3.55533,,
142.12543,0.63678,515,3.80561,3.58478,,
142.32617,0.17419,516,3.77433,3.67455,,
142.60724,0.25409,517,3.90258,3.67015,,
142.86896,0.17474,518,3.95715,3.90509,TT-Full,
143.51898,0.64349,519,3.52305,2.70423,TT-Full,
143.67273,0.14642,520,3.66453,3.66561,TT-Full,
144.08807,0.40924,521,3.63763,3.90615,TT-Full,
144.92529,0.83057,522,3.26294,3.80862,TT-Full,
145.14655,0.13507,523,3.65014,3.54232,,
145.56122,0.38782,524,3.81638,3.57407,,
145.76257,0.17316,525,3.64504,3.59226,,
145.97028,0.20166,526,3.88439,3.59458,,
146.21771,0.22101,527,3.65971,3.48878,,
146.60663,0.20111,528,3.68587,3.71558,TT-Full,
146.72052,0.10785,529,3.86208,3.80443,TT-Full,
146.94824,0.20099,530,3.26284,2.92965,ST-Full-W3,
147.14948,0.17474,531,3.29013,2.82829,ST-Full,
147.35016,0.19427,532,3.24190,2.89180,ST-Full,
147.59125,0.23444,533,3.48244,2.89100,ST-Full,
147.85388,0.23560,534,3.14454,2.91388,ST-Full,
148.11377,0.25482,535,3.54351,3.00533,ST-Full,
148.36157,0.22107,536,3.39759,2.98477,ST-Full,
148.56921,0.18146,537,4.32036,3.02791,ST-Full,
148.77686,0.18085,538,3.63951,3.87687,ST-Full,
148.87067,0.08691,539,3.31281,3.10520,ST-Full,
149.08490,0.18744,540,3.13737,2.98588,TT-Full,
149.25922,0.16803,541,3.15466,3.05209,TT-Full,
149.39917,0.13324,542,3.06751,2.89149,TT-Full,
149.68115,0.27484,543,3.01877,2.86704,TT-Full,
149.83472,0.14679,544,3.09766,2.91775,TT-Full,
150.12939,0.28717,545,3.01586,2.94579,TT-Full,
150.47156,0.33490,546,3.01141,2.89368,TT-Full,
150.67926,0.20099,547,3.03624,2.89405,TT-Full,
150.92706,0.24121,548,3.72271,2.82585,TT-Full,
151.28149,0.34821,549,3.63739,2.82994,TT-Full,
151.63635,0.34790,550,3.36568,3.74366,ST-TT-Full,
151.91821,0.27441,551,3.45250,3.77773,TT-Full,
152.06573,0.14111,552,2.92900,2.79626,TT-Full,
152.34167,0.24915,553,3.65394,3.63400,ST-Full,
152.71497,0.34833,554,3.77134,3.86823,ST-Full,
152.93665,0.15417,555,3.56048,3.43072,,
153.36469,0.42145,556,3.59431,3.47057,,
153.49921,0.12750,557,3.73815,3.57389,,
153.64685,0.12085,558,3.33946,3.04316,,
153.94128,0.10266,559,3.48471,3.28465,ST-Full-W7,
154.07526,0.12726,560,3.38329,3.11861,ST-Full,
154.31641,0.23444,561,3.18481,2.89380,ST-Full,
154.42358,0.10046,562,3.85116,2.84176,ST-Full,
154.61115,0.16125,563,3.74881,3.58547,TT-Full,
155.13312,0.51556,564,3.06698,3.07472,TT-Full,
155.37476,0.15460,565,3.56804,3.52502,,
155.57568,0.19421,566,3.58283,3.77614,,
155.93073,0.32825,567,3.99260,3.96114,,
156.33936,0.34161,568,3.23727,3.29043,TT-Full,
156.69427,0.26849,569,3.53014,3.36486,,
156.83502,0.13403,570,3.55644,3.41576,,
157.10962,0.26794,571,3.67664,3.62686,,
157.45795,0.34167,572,3.67737,3.68479,,
157.67920,0.21460,573,4.07358,3.79812,,
157.79309,0.10712,574,3.64176,3.56569,,
157.99402,0.17438,575,3.69823,3.46541,,
158.22821,0.16748,576,3.65404,3.68219,TT-Full,
158.48944,0.25446,577,3.45846,3.76299,TT-Full,
159.51392,1.01776,578,2.90285,2.89685,TT-Full,
159.80902,0.20764,579,3.90018,3.70733,,
160.39130,0.51526,580,3.38278,3.66059,TT-Full,
160.64655,0.24829,581,3.14377,3.25418,TT-Full,
160.99463,0.24152,582,3.63292,3.53982,,
161.16821,0.16687,583,3.70525,3.54635,,
161.49780,0.32233,584,3.64662,3.70539,,
161.83240,0.30859,585,3.67844,3.65052,,
161.99359,0.15533,586,3.61101,3.63971,,
162.51514,0.51392,587,3.71649,3.41624,,
162.70886,0.12744,588,3.57187,3.69325,TT-Full,
163.11804,0.40192,589,3.33845,3.44336,TT-Full,
163.33240,0.12476,590,3.79597,3.79359,,
163.62708,0.26849,591,4.01086,3.86742,,
163.95532,0.13983,592,3.54557,3.70712,ST-Full,
164.37061,0.40833,593,3.49062,3.75123,ST-TT-Full,
164.45801,0.08069,594,3.35575,2.91222,TT-Full,
164.65222,0.12756,595,3.60298,3.59409,,
164.85938,0.20074,596,3.49244,3.29058,,
165.04047,0.13464,597,3.65938,3.53951,,
165.23438,0.18719,598,3.76787,3.31653,,
165.52875,0.26727,599,4.01116,3.76613,,
165.69019,0.15405,600,4.00723,3.88693,,
165.99121,0.27448,601,3.67144,3.48814,,
166.23944,0.18085,602,3.61012,3.66498,TT-Full,
166.47394,0.22778,603,3.57507,3.56870,TT-Full,
166.87579,0.39520,604,3.47981,3.35839,TT-Full,
167.34467,0.46277,605,3.55030,3.46535,TT-Full,
167.45825,0.10687,606,3.08928,2.92210,TT-Full,
167.71307,0.16803,607,3.08828,3.72286,,
167.80621,0.08643,608,3.18458,2.98658,,
167.98047,0.16760,609,3.84072,3.83857,,
168.32269,0.27344,610,4.07049,3.92863,,
168.46301,0.13367,611,4.06105,4.00589,,
168.59064,0.12061,612,3.96963,3.89883,,
169.09961,0.50232,613,3.66630,3.60270,,
169.40735,0.12061,614,3.65791,3.79001,ST-Full,
170.10437,0.69037,615,3.53679,3.61229,TT-Full,
170.23163,0.12091,616,3.86101,4.02192,TT-Full,
170.47949,0.22015,617,3.20124,3.02022,ST-Full-W7,
170.81439,0.32812,618,3.15761,3.04763,ST-Full-W7,
171.02875,0.20813,619,3.17991,3.03036,ST-Full-W7,
171.45074,0.41528,620,3.24878,3.09876,ST-Full,
171.69812,0.24066,621,3.18974,3.03976,ST-Full,
171.96649,0.26172,622,3.18763,3.11248,ST-Full-W8,
172.25391,0.28070,623,3.23519,3.08170,ST-Full-W9,
172.65649,0.37488,624,3.24509,3.03576,ST-Full,
172.93719,0.27380,625,3.18194,3.02455,ST-Full,
173.13818,0.19342,626,3.17156,2.98927,ST-Full-W7,
173.68073,0.53558,627,3.08623,2.90661,ST-Full,
173.96259,0.27509,628,3.01680,2.94271,ST-Full-W7,
174.22388,0.25458,629,3.05912,2.97471,ST-Full-W9,
174.35126,0.12140,630,3.04939,2.98013,ST-Full-W8-W9,
174.51202,0.15479,631,3.32283,2.95225,ST-Full-W9,
174.74634,0.16779,632,3.31354,2.96654,ST-Full-W2,
175.09467,0.34167,633,3.28315,2.74374,ST-Full-W11,
175.26215,0.16083,634,3.14898,2.69179,ST-Full-W11,
175.52423,0.25543,635,3.13499,2.73119,ST-Full-W1,
175.89130,0.35962,636,3.13558,2.84588,ST-Full-W3,
177.23102,1.29266,637,3.02937,2.87070,ST-Full,
177.53925,0.30078,638,3.10250,2.95483,ST-Full,
177.92133,0.37555,639,3.18769,3.02724,ST-Full,
178.17615,0.24811,640,3.12660,3.07050,ST-Full-W7,
178.62421,0.44177,641,3.26911,3.07906,ST-Full-W8,
178.81891,0.18799,642,3.27634,3.10659,ST-Full,
179.01990,0.19427,643,3.33044,3.11011,ST-Full-W7-W8,
179.22754,0.20068,644,3.29917,3.13455,ST-Full-W9,
179.50146,0.26721,645,3.90852,3.52764,ST-Full-W9,
179.72290,0.15430,646,4.31477,3.84078,ST-Full-W12,
180.23224,0.50256,647,4.35876,2.94121,ST-Full-W1,
180.50659,0.26788,648,3.28888,2.86227,ST-Full-W1,
180.64087,0.12775,649,3.88875,4.13022,ST-Full-W3,
180.96906,0.32202,650,3.89226,4.02243,ST-Full-W3,
181.11646,0.14093,651,3.88109,4.26256,ST-Full-W3-W13,
181.23706,0.11389,652,3.25272,2.97163,ST-Full-W3,
181.53845,0.27533,653,3.23918,3.01078,ST-Full,
182.55658,1.01141,654,3.26322,3.03443,ST-Full,
182.79102,0.22766,655,3.17406,3.03242,ST-Full,
183.36029,0.56274,656,3.17233,2.89442,ST-Full,
184.28479,0.91821,657,3.19644,2.95318,ST-Full,
184.77380,0.48273,658,3.15295,2.99264,ST-Full,
185.00818,0.22821,659,3.14529,3.04051,ST-Full-W7,
185.26971,0.25537,660,2.66555,2.53878,ST-Full-W9,
185.54388,0.12726,661,3.23354,3.02589,ST-Full-W9,
186.05316,0.48267,662,3.20322,2.95201,ST-Full,
186.23346,0.17365,663,3.16411,3.03103,ST-Full-W7,
186.48193,0.24084,664,3.16885,3.02859,ST-Full-W8,
186.68951,0.20166,665,3.26281,3.13830,ST-Full-W9,
186.85693,0.16077,666,3.74901,3.28935,ST-Full-W9,
187.09778,0.17389,667,3.43204,2.99581,ST-Full-W2,
187.53302,0.42853,668,3.35774,2.94532,ST-Full-W1,
187.80817,0.26794,669,3.28360,2.88973,ST-Full-W1,
188.20959,0.39484,670,3.29657,2.88690,ST-Full-W3,
188.32373,0.10760,671,3.26844,2.90951,ST-Full-W13,
188.94012,0.60956,672,3.43090,2.82667,ST-Full-W1-W11,
189.22144,0.19397,673,3.21215,2.96844,ST-Full-W9,
189.69037,0.46222,674,3.25405,3.06137,ST-Full-W7,
189.87115,0.17413,675,3.22638,3.08591,ST-Full-W7,
190.13239,0.25452,676,3.25419,3.12010,ST-Full-W8,
190.41400,0.27490,677,3.68172,3.26259,ST-Full-W8,
190.70178,0.22107,678,3.34648,2.89552,ST-Full-W1,
191.11066,0.40222,679,3.48595,2.88824,ST-Full-W11,
191.33167,0.15454,680,3.19275,3.01736,ST-Full-W9,
191.44531,0.10712,681,3.16557,3.11993,ST-Full-W9,
191.78021,0.32825,682,3.20008,3.03627,ST-Full-W7,
191.95380,0.16693,683,3.20743,3.05895,ST-Full-W8,
192.49652,0.53546,684,3.24076,3.11249,ST-Full-W7,
192.73138,0.22809,685,3.22521,3.02764,ST-Full-W7-W8,
192.97919,0.24133,686,3.26382,3.08422,ST-Full-W7,
193.58838,0.60223,687,3.34120,3.10602,ST-Full-W7,
193.74274,0.14722,688,3.34721,3.19347,ST-Full-W7,
194.27869,0.52911,689,3.23608,3.17352,ST-Full-W9,
194.42603,0.14062,690,3.41469,3.11295,ST-Full-W9,
194.68042,0.18762,691,3.33415,2.99810,ST-Full-W1,
195.06238,0.37555,692,3.23775,2.87316,ST-Full-W1-W11,
195.35675,0.28766,693,3.10403,2.77505,ST-Full-W1,
195.62463,0.26074,694,3.16306,2.87422,ST-Full-W3-W13,
195.98627,0.31403,695,3.17966,2.94373,ST-Full,
196.67615,0.68329,696,3.25215,2.97829,ST-Full,
197.25275,0.56934,697,3.22695,3.06788,ST-Full,
197.43359,0.17407,698,3.20049,3.08843,ST-Full,
197.56763,0.12781,699,3.21135,3.07656,ST-Full,
197.78192,0.20764,700,3.18121,3.10547,ST-Full-W7,
198.03644,0.24792,701,3.19507,3.15174,ST-Full-W8,
198.22437,0.18121,702,3.43752,3.14768,ST-Full-W9,
198.47186,0.18103,703,3.30762,3.01319,ST-Full-W1,
198.90723,0.42896,704,3.29953,2.85337,ST-Full-W1,
199.04791,0.13373,705,3.17890,2.78934,ST-Full-W11,
199.22229,0.16772,706,3.14423,2.74790,ST-Full-W1,
199.41577,0.18701,707,3.20235,2.86676,ST-Full-W3,
199.72375,0.26056,708,4.24587,2.82590,ST-Full,
199.91895,0.16742,709,4.00351,3.08622,ST-Full,
200.36743,0.42236,710,3.01595,2.87410,TT-Full,
200.54163,0.16748,711,2.95048,2.76125,TT-Full,
200.93164,0.38306,712,3.76289,2.66315,TT-Full,
201.16412,0.22662,713,3.52756,2.63228,TT-Full,
201.41913,0.24811,714,3.60460,2.61006,TT-Full,
201.61963,0.19385,715,3.63681,2.65844,TT-Full,
201.79431,0.16754,716,3.45152,3.65639,ST-Full,
202.11603,0.31512,717,3.61457,2.75202,TT-Full,
202.26929,0.14697,718,3.80525,2.64638,TT-Full,
202.40411,0.12817,719,3.46266,2.68827,ST-TT-Full,
202.77887,0.36841,720,3.59391,2.75541,TT-Full,
203.12695,0.34137,721,3.49181,3.80450,TT-Full,
203.40179,0.26855,722,3.64497,3.74242,TT-Full,
203.77020,0.36169,723,3.49188,3.49819,TT-Full,
203.83746,0.06030,724,3.39670,3.21717,TT-Full,
204.16595,0.20166,725,3.74923,3.54966,TT-Full,
204.35248,0.16028,726,3.63192,3.59717,TT-Full,
204.75488,0.39557,727,3.63811,3.64623,TT-Full,
205.08307,0.32172,728,3.63653,3.92163,TT-Full,
205.35785,0.26837,729,3.76113,3.59131,TT-Full,
205.48499,0.12054,730,3.44256,3.66214,TT-Full,
205.86011,0.36835,731,3.43174,3.49671,TT-Full,
206.02753,0.16046,732,3.71057,3.62698,TT-Full,
206.27539,0.24115,733,3.49242,3.77583,TT-Full,
206.45581,0.17371,734,3.52255,3.55843,TT-Full,
206.64355,0.18060,735,3.41299,3.49290,TT-Full,
206.95868,0.30872,736,2.96909,2.70434,TT-Full,
207.17981,0.17480,737,3.04030,2.76768,ST-Full,
207.52130,0.33466,738,3.16756,2.94514,ST-Full-W7,
207.72223,0.19476,739,3.17025,2.96772,ST-Full-W7,
208.15094,0.42200,740,3.09967,2.96021,ST-Full,
208.38513,0.22754,741,3.07931,2.92367,ST-Full-W7,
208.57294,0.18085,742,3.15916,2.86422,ST-Full,
208.71356,0.13367,743,3.16714,2.94265,ST-Full-W7,
208.82080,0.10028,744,3.13161,2.94041,ST-Full,
209.22266,0.39520,745,3.13466,3.01532,ST-Full-W8,
209.37000,0.14062,746,3.11483,3.06546,ST-Full-W9,
209.53058,0.15387,747,3.30043,3.02423,ST-Full-W9,
209.77228,0.17450,748,3.32206,2.96050,ST-Full-W2,
210.16028,0.38165,749,3.31972,2.90233,ST-Full-W1,
210.29388,0.12720,750,3.26650,2.82825,ST-Full-W1,
210.45514,0.09375,751,3.22415,2.83759,ST-Full-W1,
211.07086,0.60901,752,3.44654,2.94896,ST-Full-W3-W13,
211.54004,0.40167,753,3.23045,3.16904,ST-Full-W9,
211.70721,0.16022,754,3.48763,3.07803,ST-Full-W9,
212.10297,0.20782,755,4.56026,3.01862,ST-Full-W1,
212.57184,0.40247,756,3.23697,3.02600,ST-Full-W8,
212.77277,0.19427,757,3.36157,3.02495,ST-Full-W9,
212.87323,0.03357,758,4.43137,2.93167,,
213.12762,0.20721,759,3.44843,2.97252,ST-Full-W12,
213.38904,0.25507,760,3.34098,2.81093,ST-Full-W1-W11,
213.99860,0.60382,761,4.00587,2.84913,ST-Full-W1-W11,
214.35321,0.32837,762,4.24864,2.89356,ST-Full,
214.62817,0.24750,763,4.19819,2.92477,ST-Full-W1-W2,
214.73541,0.10046,764,3.44739,2.94863,ST-Full-W1-W2,
215.48560,0.74353,765,3.30670,2.87990,ST-Full-W1-W11,
215.74017,0.24786,766,3.71105,3.79460,Full,
215.98151,0.19470,767,3.62263,3.55346,ST-TT-Full,
216.17554,0.18823,768,3.62349,3.60968,TT-Full,
216.53052,0.34827,769,3.95468,3.91866,TT-Full,
216.75189,0.17444,770,3.20001,2.99694,ST-Full-W8,
217.04633,0.28839,771,3.27202,3.00511,ST-Full-W7,
217.28748,0.23468,772,3.18107,3.00454,ST-Full,
217.50208,0.20795,773,3.11917,3.03396,ST-Full-W7,
217.67621,0.16785,774,3.17122,2.98241,ST-Full-W8,
218.07758,0.39484,775,3.22835,3.08984,ST-Full-W7,
218.37244,0.26776,776,3.20192,3.09464,ST-Full-W9,
218.60034,0.22107,777,3.22603,3.17042,ST-Full-W8,
218.82764,0.22076,778,3.39015,3.18934,ST-Full-W9,
219.12311,0.26825,779,3.51601,3.11621,ST-Full-W7,
219.49792,0.32825,780,3.46797,2.99953,ST-Full-W3,
219.73895,0.23486,781,3.44452,2.94669,ST-Full-W1,
219.98688,0.22101,782,3.45370,2.88890,ST-Full,
220.19385,0.18018,783,3.40709,2.91514,ST-Full,
220.42871,0.22797,784,3.43982,2.98962,ST-Full,
220.81775,0.36200,785,3.33163,3.04931,ST-Full,
220.96436,0.14062,786,4.07969,3.07700,ST-Full,
221.18530,0.17358,787,3.63587,3.59054,TT-Full,
221.37274,0.17987,788,3.44585,3.68503,TT-Full,
221.56110,0.18091,789,3.60138,3.55652,TT-Full,
221.66150,0.09381,790,3.32048,3.06253,TT-Full,
221.98236,0.25427,791,3.75950,3.80126,,
222.00977,0.02008,792,3.30038,3.04925,,
222.25708,0.18073,793,3.78254,3.68221,TT-Full,
222.53894,0.27490,794,3.94412,4.03794,TT-Full,
222.94751,0.38177,795,3.26079,3.01826,ST-Full-W6,
223.73792,0.78369,796,3.24096,3.05901,ST-Full,
223.97241,0.22778,797,2.65035,2.41623,ST-Full,
224.20685,0.12738,798,3.27300,3.11219,ST-Full-W7,
224.51501,0.30145,799,3.23799,3.00408,ST-Full,
224.70898,0.18732,800,3.18814,2.98827,ST-Full,
225.01025,0.29431,801,3.14490,2.95418,ST-Full-W7,
225.22443,0.20764,802,3.19437,2.97308,ST-Full-W8,
225.40521,0.17377,803,3.20136,3.06757,ST-Full-W9,
225.62689,0.21436,804,3.28355,3.08978,ST-Full-W9,
225.88770,0.17371,805,3.28251,2.86533,ST-Full-W1,
226.16943,0.27466,806,3.15744,2.80293,ST-Full-W11,
226.43701,0.26080,807,3.03992,2.68477,ST-Full-W1,
226.81873,0.37488,808,3.19760,2.79066,ST-Full-W13,
227.07373,0.20703,809,2.94726,2.88141,ST-Full-W8,
227.32153,0.24109,810,3.16533,2.95564,ST-Full-W9,
227.60962,0.28186,811,3.40315,3.02962,ST-Full-W7,
228.04431,0.38831,812,3.28860,2.83989,ST-Full-W3,
228.30566,0.25397,813,3.42381,2.93613,ST-Full-W2,
228.52008,0.18707,814,4.28535,2.90617,ST-Full-W4,
228.62103,0.09430,815,3.23657,2.90372,ST-Full-W4,
228.75446,0.12720,816,4.42401,2.85441,ST-Full,
229.04303,0.26178,817,3.60579,3.51515,TT-Full,
229.17645,0.12665,818,3.86112,3.76279,TT-Full,
229.47845,0.27509,819,3.18877,2.92119,ST-Full,
230.14154,0.65643,820,3.37521,3.11046,ST-Full-W7,
230.54346,0.39520,821,3.42619,3.14707,ST-Full-W7,
230.75787,0.20770,822,4.31637,3.09264,ST-Full-W7,
231.05255,0.26794,823,3.83589,3.95213,TT-Full,
231.33386,0.23444,824,3.19194,2.96464,ST-Full,
231.70209,0.36157,825,3.38759,3.11060,ST-Full-W7,
231.99725,0.28906,826,3.55053,3.17953,ST-Full-W7,
232.25122,0.20776,827,3.38940,2.97773,ST-Full-W2,
232.41907,0.16138,828,3.45584,3.01503,ST-Full-W1,
232.78070,0.29480,829,3.25741,3.09703,ST-Full-W8,
232.99506,0.20740,830,3.58822,3.19731,ST-Full-W9,
233.25604,0.19403,831,3.33202,2.95400,ST-Full-W1-W12,
233.53094,0.26843,832,3.35511,2.87824,ST-Full-W11,
233.86584,0.32812,833,3.12696,2.82737,ST-Full-W2-W12,
234.09363,0.22107,834,3.86985,2.82567,ST-Full-W13,
234.36841,0.22821,835,3.07073,2.93555,ST-Full-W7,
234.60266,0.22772,836,3.17828,2.92052,ST-Full-W7,
235.37964,0.77026,837,3.23885,2.94982,ST-Full-W7,
235.87537,0.48895,838,3.16455,3.01689,ST-Full,
236.71936,0.83783,839,3.08109,2.94409,ST-Full-W7,
236.96716,0.24115,840,3.13921,2.95716,ST-Full,
237.64984,0.67596,841,3.02960,2.91235,ST-Full,
238.06567,0.40875,842,3.10111,2.94955,ST-Full-W7,
238.48718,0.41479,843,3.15970,3.07781,ST-Full-W7,
238.72211,0.22821,844,3.19756,3.14160,ST-Full-W8,
238.92322,0.19440,845,3.19454,3.14489,ST-Full-W8,
239.25800,0.32794,846,3.22980,3.13191,ST-Full-W9,
239.59296,0.32825,847,3.20395,3.02320,ST-Full,
239.84021,0.18030,848,3.24726,2.90092,ST-Full-W3,
240.10254,0.25507,849,3.30129,2.81730,ST-Full-W1,
240.18860,0.07990,850,3.43365,2.87483,ST-Full-W1,
240.42322,0.20734,851,3.16274,2.89894,ST-Full,
240.56421,0.13397,852,3.11500,3.01610,ST-Full-W7,
241.08667,0.51581,853,3.21970,3.08087,ST-Full-W8-W9,
241.82281,0.72949,854,3.11330,3.03664,ST-Full-W7-W8,
241.99768,0.16772,855,3.18492,3.07702,ST-Full-W7-W8,
242.39954,0.39581,856,3.14840,3.07411,ST-Full,
242.53345,0.12726,857,3.16664,3.08789,ST-Full-W9,
242.78137,0.24091,858,3.31002,3.11139,ST-Full-W7,
243.03589,0.24799,859,3.19950,3.13123,ST-Full,
243.52478,0.48267,860,3.20005,3.00384,ST-Full-W7-W8,
243.77264,0.24109,861,4.03776,3.99622,ST-Full-W7,
243.96649,0.16772,862,3.59187,3.68491,ST-Full,
244.26166,0.28802,863,3.69502,3.59067,ST-TT-Full,
244.40900,0.14062,864,3.25867,3.39797,TT-Full,
244.77100,0.27490,865,3.52902,3.46392,,
244.91089,0.13348,866,3.42603,3.53495,,
245.13898,0.20081,867,3.72360,3.64730,,
245.38037,0.21442,868,3.75722,3.64569,,
245.48743,0.10052,869,3.48976,3.11979,,
245.82910,0.17419,870,3.33309,3.14767,ST-Full-W7,
246.07001,0.23431,871,3.16277,2.95386,ST-Full,
246.15729,0.08038,872,3.64787,3.59221,ST-Full-W7,
246.31134,0.12726,873,3.61541,3.56490,TT-Full,
246.41852,0.10046,874,4.04631,2.91029,TT-Full,
246.73340,0.28864,875,3.12754,2.97577,ST-Full,
247.00104,0.26099,876,3.20118,3.02536,ST-Full,
247.28259,0.27527,877,3.26036,3.16589,ST-Full-W7-W8,
247.53003,0.24072,878,3.46983,3.18945,ST-Full-W9,
247.79169,0.19397,879,3.36076,3.00161,ST-Full-W12,
248.09937,0.30096,880,3.41042,2.94319,ST-Full-W1-W11,
248.34698,0.22009,881,3.39255,2.89400,ST-Full,
248.62231,0.24762,882,3.40548,2.99755,ST-Full,
248.87628,0.24756,883,3.22797,2.85862,ST-Full-W3,
249.02423,0.14056,884,3.79065,3.85738,ST-Full,
249.17871,0.12769,885,3.59467,3.66364,TT-Full,
249.56671,0.38239,886,3.53325,3.51954,TT-Full,
249.85443,0.28094,887,3.47085,3.60750,TT-Full,
250.04199,0.18103,888,3.37160,3.54242,TT-Full,
250.14282,0.09381,889,3.14022,2.77631,TT-Full,
250.34369,0.15430,890,3.63470,3.57811,,
250.45764,0.10724,891,3.74049,3.59523,,
250.58490,0.12030,892,3.58975,3.55714,,
250.92651,0.33533,893,3.73410,3.54946,,
251.34186,0.36847,894,4.07393,4.15488,,
251.65662,0.14789,895,3.77793,3.61450,ST-Full,
252.07861,0.41553,896,3.60885,3.45325,ST-TT-Full,
253.02313,0.93768,897,3.47187,3.66662,TT-Full,
253.29773,0.18756,898,3.59495,3.74644,,
253.48474,0.18030,899,3.70601,3.52825,,
253.59216,0.08014,900,3.97946,3.73135,,
253.84009,0.20117,901,3.66067,3.58260,TT-Full,
254.18195,0.33496,902,3.90697,2.87345,ST-TT-Full,
254.49701,0.26819,903,3.09186,3.05128,ST-Full-W9,
254.59650,0.09308,904,3.20749,3.12747,ST-Full-W8,
254.73779,0.13373,905,3.37120,2.94061,ST-Full-W7,
254.93237,0.16772,906,3.49719,3.58442,TT-Full,
255.31390,0.37512,907,3.45692,3.56117,TT-Full,
255.61505,0.19305,908,3.75598,3.52021,,
255.84332,0.22131,909,3.75389,3.67944,,
256.03064,0.18109,910,3.66590,3.37088,,
256.29858,0.24115,911,3.73548,3.65327,,
256.38556,0.08032,912,3.78705,3.69505,,
256.59332,0.17786,913,3.61667,3.45452,,
256.86285,0.24261,914,3.60491,3.79426,,
257.37701,0.36896,915,3.63253,3.63758,ST-TT-Full,
257.85260,0.46863,916,3.48116,3.42146,TT-Full,
258.11395,0.25464,917,3.39187,3.44614,TT-Full,
258.36835,0.24786,918,3.46737,3.60343,TT-Full,
258.48871,0.11365,919,3.16074,3.14966,ST-Full,
258.71667,0.14069,920,3.85291,3.58518,,
258.93768,0.21411,921,3.83065,3.60502,,
259.06525,0.12085,922,3.82365,3.48012,,
259.48029,0.40875,923,3.77968,3.69633,,
259.89557,0.40857,924,3.78964,3.55410,,
260.25732,0.33496,925,3.75463,3.67204,,
260.55872,0.27521,926,3.93132,3.82256,,
260.83276,0.20734,927,3.65157,3.71163,TT-Full,
261.25671,0.41718,928,3.53003,3.45650,TT-Full,
261.69745,0.43353,929,3.46130,3.63139,TT-Full,
261.91846,0.21405,930,3.73060,3.66781,TT-Full,
262.23328,0.24530,931,3.10226,2.97501,ST-Full-W7,
262.38043,0.14020,932,3.18468,3.10015,ST-Full-W7,
262.62799,0.24133,933,3.18279,3.10339,ST-Full-W8,
262.79596,0.16125,934,3.67642,3.46225,ST-Full,
263.06390,0.20099,935,4.17376,2.99434,ST-Full-W2,
263.17108,0.10052,936,3.36487,3.01406,ST-Full-W12,
263.37811,0.20013,937,3.92259,2.93453,ST-Full-W1,
263.92737,0.52185,938,3.16019,2.74564,ST-Full-W13,
264.14185,0.18726,939,3.67896,3.55218,ST-Full-W1,
264.64465,0.47552,940,3.64825,3.49572,TT-Full,
264.67151,0.02014,941,2.95346,2.68947,,
264.91211,0.17365,942,3.86793,3.67954,,
265.10687,0.18781,943,3.75867,3.63629,,
265.26044,0.14685,944,3.80059,3.83293,,
265.32123,0.03253,945,2.54449,2.93882,,
265.63605,0.18799,946,3.74120,3.68768,TT-Full,
265.86377,0.22101,947,3.59993,3.38858,ST-TT-Full,
266.11786,0.24762,948,2.97298,2.63918,TT-Full,
266.32568,0.14105,949,3.63165,3.32481,,
266.43317,0.10107,950,3.63065,3.44452,,
266.62067,0.18127,951,3.87150,3.53933,,
266.85510,0.22772,952,3.88408,3.64004,,
267.09576,0.23364,953,3.99646,3.56613,,
267.44409,0.32104,954,3.85696,3.85682,,
267.60657,0.15527,955,3.85527,3.84546,,
268.02045,0.38831,956,4.09891,4.32303,,
268.23499,0.14783,957,3.78883,3.76835,TT-Full,
268.60339,0.36169,958,3.70179,3.64457,TT-Full,
268.94501,0.33490,959,3.73552,3.73093,TT-Full,
269.40668,0.45490,960,3.68003,3.55319,TT-Full,
269.52106,0.10742,961,4.04034,3.80870,TT-Full,
269.68854,0.16101,962,3.57023,3.61871,ST-Full,
269.89618,0.20093,963,3.04217,2.86137,TT-Full,
270.21106,0.22827,964,3.77741,3.77489,,
270.55261,0.15454,965,3.64592,3.55934,ST-Full,
270.76056,0.20123,966,3.63940,3.51260,ST-TT-Full,
271.21606,0.44916,967,3.65832,3.57773,TT-Full,
271.52386,0.30170,968,3.55578,3.47446,TT-Full,
271.97266,0.44208,969,3.44809,3.27086,TT-Full,
272.20056,0.14124,970,3.41920,3.53854,,
272.41473,0.20764,971,3.71368,3.52171,,
272.58221,0.16071,972,3.93448,3.83576,,
272.77649,0.12726,973,3.75221,3.48904,TT-Full,
272.93054,0.14740,974,3.53668,3.52117,TT-Full,
273.11139,0.17480,975,3.61087,3.52196,TT-Full,
273.38556,0.16699,976,3.56094,3.55787,,
273.65399,0.26111,977,3.54007,3.44836,,
274.08215,0.40143,978,3.69482,3.71755,,
274.28357,0.13446,979,3.88304,3.61277,TT-Full,
274.51788,0.22760,980,3.60834,3.59897,TT-Full,
274.62518,0.10040,981,3.24735,3.12739,TT-Full,
274.84625,0.15442,982,3.80349,3.72286,,
275.03333,0.18036,983,3.84108,3.69454,,
275.12836,0.08813,984,4.03006,3.69016,,
275.47546,0.32104,985,4.08941,3.54263,,
275.74384,0.24115,986,3.99720,3.80705,,
276.01801,0.24738,987,3.96111,3.89246,,
276.19934,0.17468,988,3.94683,3.95717,,
276.77502,0.54944,989,4.17756,3.95146,,
276.87561,0.09381,990,3.90065,3.61939,,
277.19073,0.28857,991,3.82496,3.75547,,
277.37122,0.17358,992,3.76213,3.71090,,
277.51892,0.14099,993,3.76169,3.75527,,
277.78644,0.20032,994,3.83705,3.68555,TT-Full,
278.14813,0.35498,995,3.77888,3.61752,TT-Full,
278.30347,0.14825,996,2.96565,2.98539,TT-Full,
278.57062,0.20087,997,3.59525,3.54448,,
278.67102,0.09381,998,3.42150,3.38406,,
278.87811,0.18060,999,3.96247,3.90652,,
278.99921,0.11426,1000,4.18392,3.81664,,
279.10583,0.09985,1001,3.64781,3.50794,,
279.30707,0.13367,1002,3.84725,3.65696,TT-Full,
279.56165,0.24805,1003,3.72776,3.49366,TT-Full,
279.76953,0.20093,1004,3.93634,4.29404,TT-Full,
279.96326,0.16699,1005,3.84824,3.95514,ST-Full,
280.05084,0.08014,1006,3.12139,2.67209,ST-Full,
280.53986,0.48230,1007,3.12945,2.81124,ST-Full-W2-W12,
280.71564,0.16907,1008,3.80725,3.84298,ST-Full-W3,
280.96814,0.22784,1009,3.57487,3.64313,TT-Full,
281.06879,0.09412,1010,3.16995,2.83767,TT-Full,
281.24316,0.10718,1011,3.64303,3.42502,,
281.34363,0.09375,1012,3.73921,3.42109,,
281.44415,0.09406,1013,3.67988,3.40519,,
281.53790,0.08685,1014,2.86133,2.64260,,
281.87952,0.15430,1015,3.67835,3.66297,ST-Full,
282.12732,0.24139,1016,3.48085,3.53432,TT-Full,
282.53595,0.40192,1017,3.65874,3.60292,TT-Full,
282.83704,0.29456,1018,3.69650,3.64499,TT-Full,
283.58698,0.74347,1019,3.51641,3.58520,TT-Full,
283.78180,0.18774,1020,3.78171,3.63506,TT-Full,
283.94885,0.16028,1021,3.59340,3.71372,TT-Full,
284.16321,0.20721,1022,3.15033,2.74246,TT-Full,
284.36401,0.13336,1023,3.50671,3.47745,,
284.54547,0.17432,1024,3.55830,3.51294,,
284.68561,0.13348,1025,3.53555,3.47640,,
284.80634,0.11353,1026,3.78995,3.23269,,
284.97412,0.12079,1027,3.79542,3.66852,TT-Full,
285.12762,0.14709,1028,3.91029,3.68167,TT-Full,
285.51001,0.37555,1029,3.74513,3.64265,TT-Full,
285.68378,0.16681,1030,3.75477,3.57400,TT-Full,
285.85834,0.16803,1031,3.49150,3.06949,TT-Full,
286.11212,0.18671,1032,3.66621,3.63550,,
286.40759,0.26794,1033,3.86113,3.78942,,
286.62195,0.20740,1034,3.89557,3.86757,,
286.95630,0.24731,1035,3.78278,3.60220,TT-Full,
287.15106,0.18750,1036,3.53868,3.65907,TT-Full,
287.53973,0.38196,1037,3.70672,3.71447,TT-Full,
287.64679,0.10107,1038,3.42298,3.04228,TT-Full,
287.86780,0.15424,1039,3.43083,3.36125,,
288.10175,0.22778,1040,3.74954,3.44470,,
288.21582,0.10706,1041,3.75058,3.62924,,
288.53723,0.31482,1042,3.98033,3.70589,,
288.84601,0.28156,1043,3.80939,3.55176,,
289.21356,0.34143,1044,3.90221,3.79744,,
289.35510,0.13470,1045,3.93925,3.74232,,
289.87701,0.43604,1046,3.80524,3.81242,ST-TT-Full,
290.14526,0.18152,1047,3.56531,3.40709,,
290.26581,0.11389,1048,3.57571,3.47431,,
290.63403,0.36176,1049,3.54828,3.15344,,
290.87537,0.17413,1050,4.09322,3.77057,TT-Full,
291.52515,0.64307,1051,4.10583,3.91747,TT-Full,
291.74615,0.13446,1052,4.04736,3.84437,,
291.92004,0.16718,1053,3.98269,4.00858,,
292.16089,0.23383,1054,3.95400,3.87116,,
292.30200,0.13385,1055,3.89075,3.83306,,
292.40900,0.10034,1056,3.92088,4.01663,,
292.61652,0.20056,1057,3.95850,3.97070,,
292.87152,0.24823,1058,3.93152,4.02184,,
293.00555,0.12769,1059,3.83575,3.81735,,
293.36664,0.33441,1060,4.12489,3.79736,,
293.70148,0.30756,1061,3.93689,3.96512,,
294.01044,0.30219,1062,4.06865,3.96471,,
294.13239,0.11548,1063,4.41653,3.89127,,
294.29156,0.15320,1064,3.96561,3.62065,,
294.77380,0.45551,1065,3.93155,3.39043,,
295.06848,0.22601,1066,4.15419,3.87869,TT-Full,
295.35626,0.28131,1067,3.69701,3.80001,TT-Full,
295.71118,0.34821,1068,3.72505,3.84349,TT-Full,
296.14648,0.42828,1069,3.47790,2.92699,TT-Full,
296.44788,0.23303,1070,3.64574,3.50162,,
296.60242,0.14728,1071,3.67175,3.70852,,
297.24493,0.63580,1072,4.03433,3.70062,,
297.55975,0.30731,1073,4.08566,3.77516,,
298.06940,0.50250,1074,4.12279,3.83033,,
298.18994,0.11383,1075,3.86377,3.53775,,
298.69904,0.48212,1076,4.02562,3.95939,,
298.91339,0.18781,1077,3.93533,3.72789,,
299.17456,0.25452,1078,3.83109,3.77409,,
299.43536,0.25403,1079,3.87002,3.50026,,
299.72467,0.26208,1080,3.93404,3.60027,,
299.94647,0.19598,1081,3.91324,3.79177,,
300.23291,0.13995,1082,4.12933,3.82160,TT-Full,
300.42676,0.18713,1083,3.67272,3.56276,ST-TT-Full,
300.64758,0.15302,1084,3.10477,2.93505,TT-Full,
300.92285,0.26764,1085,3.77019,2.89436,TT-Full,
301.18353,0.15320,1086,3.74228,3.79265,,
301.35156,0.16107,1087,3.71093,3.66102,,
301.47217,0.11304,1088,3.81663,3.57809,,
301.69318,0.15375,1089,3.57816,3.38902,TT-Full,
301.88098,0.18121,1090,3.31358,3.15741,TT-Full,
302.81177,0.92432,1091,3.73256,2.90507,TT-Full,
303.05927,0.16040,1092,3.91475,2.96293,,
303.25391,0.16718,1093,3.96475,3.14456,,
303.47498,0.21509,1094,3.98779,3.73333,,
303.94348,0.44226,1095,3.75716,3.60788,,
304.20502,0.17181,1096,4.23818,3.41897,TT-Full,
304.52905,0.31726,1097,3.62046,2.96109,TT-Full,
304.82806,0.23486,1098,3.43382,3.74356,TT-Full,
305.18298,0.30853,1099,3.12480,3.00988,TT-Full,
305.41748,0.22821,1100,3.08462,2.97370,TT-Full,
305.55145,0.12799,1101,3.89248,2.96733,TT-Full,
305.81213,0.25391,1102,3.12267,2.98343,TT-Full,
306.00629,0.18750,1103,3.76822,2.83511,TT-Full,
306.23413,0.22052,1104,3.64472,2.84668,TT-Full,
306.33466,0.09375,1105,3.06360,2.46855,TT-Full,
306.61597,0.17383,1106,3.56938,3.78805,TT-Full,
306.82416,0.20099,1107,3.59740,3.66924,TT-Full,
307.04517,0.21436,1108,3.52132,3.48990,TT-Full,
307.27289,0.22089,1109,3.53625,3.51340,TT-Full,
307.46051,0.18091,1110,3.39887,3.46977,TT-Full,
307.71454,0.24738,1111,3.56647,3.65167,TT-Full,
307.95612,0.23444,1112,3.73365,3.71589,TT-Full,
308.14368,0.18085,1113,3.62117,3.55168,TT-Full,
308.35773,0.20734,1114,3.60073,3.52729,TT-Full,
308.64545,0.28070,1115,3.63820,3.52964,TT-Full,
308.87335,0.22095,1116,3.52503,3.39590,TT-Full,
309.11499,0.23486,1117,3.78106,3.72772,TT-Full,
309.37616,0.25452,1118,3.73036,3.52499,TT-Full,
309.61731,0.23444,1119,3.52494,3.90894,TT-Full,
310.03259,0.40863,1120,3.68531,3.72064,TT-Full,
310.25391,0.21454,1121,3.74783,3.65110,TT-Full,
310.44122,0.18115,1122,3.38331,3.67788,TT-Full,
310.67566,0.22839,1123,3.79570,3.73055,TT-Full,
310.94360,0.26154,1124,3.80049,3.80234,TT-Full,
311.20477,0.25500,1125,3.76964,3.60833,TT-Full,
311.60669,0.39514,1126,3.70372,3.63166,TT-Full,
312.07507,0.46216,1127,3.24193,2.77630,TT-Full,
312.30334,0.20099,1128,4.24161,2.73107,ST-Full-W3,
312.45764,0.12781,1129,3.23193,2.84163,ST-Full-W4,
312.71808,0.23389,1130,3.23144,2.89855,ST-Full-W7,
312.99329,0.26843,1131,3.13300,2.90587,ST-Full,
313.12726,0.12732,1132,3.01338,2.87577,ST-Full,
313.36169,0.20801,1133,3.02586,2.87997,ST-Full-W8,
313.60901,0.24115,1134,3.26296,2.89199,ST-Full-W9,
313.97125,0.29474,1135,3.20122,2.79386,ST-Full-W2,
314.17889,0.20123,1136,3.15340,2.68894,ST-Full-W1,
314.40662,0.22107,1137,2.98310,2.63030,ST-Full,
314.53387,0.12054,1138,3.07508,2.71992,ST-Full,
314.89557,0.33490,1139,3.08850,2.80282,ST-Full,
315.06976,0.16736,1140,3.10600,2.75370,ST-Full,
315.31104,0.21448,1141,3.15697,2.85722,ST-Full,
315.46448,0.12683,1142,3.16404,2.84434,ST-Full,
315.71277,0.24078,1143,3.23632,2.92944,ST-Full-W6,
316.01373,0.25403,1144,3.06701,3.00665,TT-Full,
316.28882,0.26831,1145,3.01172,2.96570,TT-Full,
316.73096,0.43542,1146,3.03633,2.92505,TT-Full,
316.95203,0.21442,1147,4.13322,2.96762,TT-Full,
317.12561,0.16693,1148,3.64061,2.83360,TT-Full,
317.50793,0.37549,1149,3.49662,3.72948,TT-Full,
317.71527,0.20062,1150,3.59710,3.66447,TT-Full,
317.94336,0.22107,1151,3.55877,2.69895,TT-Full,
318.07727,0.12726,1152,3.61928,3.74766,TT-Full,
318.23804,0.15381,1153,3.56651,3.74639,TT-Full,
318.61334,0.36859,1154,3.62477,3.67507,TT-Full,
318.85455,0.23468,1155,3.54395,3.56838,TT-Full,
319.04218,0.18140,1156,3.44718,3.41572,TT-Full,
319.26923,0.22070,1157,3.44935,3.72082,TT-Full,
319.31604,0.03973,1158,3.12177,2.81995,Full,
319.55042,0.20715,1159,3.13705,2.78294,ST-Full-W4,
319.70496,0.14703,1160,3.22225,2.83853,ST-Full,
319.99304,0.28131,1161,3.23386,2.86411,ST-Full-W2,
320.41479,0.41510,1162,3.21662,2.76679,ST-Full,
320.76294,0.34143,1163,3.15467,2.74433,ST-Full-W1,
321.01117,0.24115,1164,3.10143,2.74262,ST-Full,
321.25238,0.23450,1165,3.13015,2.80440,ST-Full,
321.41943,0.16040,1166,3.16424,2.85628,ST-Full-W3,
321.73413,0.30768,1167,3.11896,2.81407,ST-Full,
322.07581,0.33466,1168,3.31005,2.81333,ST-Full-W4,
322.34412,0.24115,1169,3.19878,2.77975,ST-Full,
322.59845,0.24756,1170,3.20109,2.73869,ST-Full-W1,
322.81952,0.21460,1171,3.22806,2.71020,ST-Full-W1,
323.16113,0.33521,1172,3.20859,2.81399,ST-Full-W1-W2,
323.44934,0.28174,1173,3.28192,2.76100,ST-Full,
323.69690,0.24084,1174,3.30172,2.73269,ST-Full,
324.19934,0.49609,1175,3.28909,2.77332,ST-Full,
324.46082,0.25452,1176,3.15822,2.79879,ST-Full,
324.66174,0.19409,1177,3.14580,2.79209,ST-Full,
324.78906,0.12061,1178,3.25564,2.75010,ST-Full-W4,
325.03638,0.22107,1179,3.22495,2.77301,ST-Full,
325.16406,0.12061,1180,3.25363,2.79435,ST-Full,
325.41870,0.22827,1181,3.07881,2.73980,ST-Full,
325.50549,0.08020,1182,3.17577,2.81998,ST-Full,
325.78687,0.25427,1183,3.17772,2.77170,ST-Full,
326.01440,0.22107,1184,3.17631,2.77650,Full,
326.34973,0.32898,1185,3.24525,2.81088,ST-Full-W1,
326.51721,0.16125,1186,3.21046,2.82208,ST-Full,
326.69800,0.17432,1187,3.21554,2.82217,ST-Full,
327.26746,0.56250,1188,3.26122,2.84496,ST-Full,
327.48840,0.21436,1189,3.28788,2.83556,ST-Full,
327.58911,0.09399,1190,3.29173,2.82458,ST-Full-W1,
327.70947,0.11389,1191,3.18553,2.77351,ST-Full,
327.88306,0.16687,1192,2.69939,2.75188,ST-Full,
327.92383,0.03406,1193,2.69939,2.77681,,
328.22473,0.25378,1194,3.29363,2.89051,ST-Full-W1,
328.95569,0.72412,1195,3.31673,2.90276,ST-Full-W1,
329.26355,0.30151,1196,3.35876,2.86932,ST-Full,
330.13440,0.86414,1197,3.33548,2.93243,ST-Full,
330.57581,0.43481,1198,3.35671,2.90379,ST-Full,
330.77063,0.18750,1199,3.26359,2.87865,ST-Full,
331.10559,0.32825,1200,3.36785,2.91483,ST-Full,
331.36707,0.25476,1201,3.26094,2.93371,ST-Full,
331.51367,0.14014,1202,3.29440,3.00648,ST-Full,
331.84216,0.32092,1203,3.26521,2.98814,ST-Full,
332.00977,0.16125,1204,3.23717,2.91792,ST-Full,
332.19006,0.17358,1205,3.31989,2.82852,ST-Full,
332.55908,0.34155,1206,3.33911,2.92910,ST-Full-W1,
332.83984,0.27405,1207,3.33942,2.93196,ST-Full-W1,
333.04089,0.19434,1208,3.33572,2.93744,Full,
333.39587,0.34827,1209,3.32720,2.88547,ST-Full-W1,
333.61023,0.20728,1210,3.24029,2.79582,ST-Full,
334.09973,0.48230,1211,3.24453,2.76420,ST-Full-W1,
334.30737,0.20093,1212,3.31251,2.86914,ST-Full,
334.52173,0.20776,1213,3.25367,2.84340,ST-Full,
334.68250,0.15405,1214,3.27673,2.85447,ST-Full,
334.90344,0.21448,1215,3.28431,2.95295,ST-Full,
335.23828,0.32837,1216,3.24393,2.91461,ST-Full-W1,
335.56665,0.32202,1217,3.32511,2.91478,ST-Full,
336.29675,0.72375,1218,3.22446,2.83769,ST-Full-W1,
336.48401,0.18054,1219,3.21628,2.76966,ST-Full,
336.61829,0.12732,1220,3.22010,2.82014,ST-Full,
336.89233,0.26733,1221,2.99489,2.81767,ST-Full,
336.98669,0.08765,1222,2.60701,2.82204,ST-Full-W1,
337.46851,0.41504,1223,3.16745,2.76462,ST-Full,
337.74365,0.26794,1224,3.05564,2.73820,ST-Full,
337.91772,0.16736,1225,3.05568,2.68379,ST-Full,
338.33948,0.41504,1226,3.09024,2.73933,ST-Full,
338.88855,0.54248,1227,3.17058,2.78304,ST-Full,
339.25757,0.36243,1228,3.27069,2.84056,ST-Full,
339.52576,0.26160,1229,3.34271,2.92677,ST-Full,
339.99438,0.46277,1230,3.36920,2.90706,ST-Full,
340.20154,0.20032,1231,3.38724,2.88816,ST-Full,
340.48987,0.28149,1232,3.44254,2.87579,ST-Full,
341.04590,0.54944,1233,3.34334,2.87553,ST-Full,
341.27356,0.22083,1234,3.25844,2.82551,ST-Full,
341.51477,0.23450,1235,3.25175,2.84592,ST-Full,
342.01050,0.48950,1236,3.19611,2.77817,ST-Full,
342.23145,0.21436,1237,3.15860,2.72969,ST-Full-W2,
342.53931,0.30115,1238,3.14944,2.80432,ST-Full,
342.76733,0.22095,1239,3.16051,2.78568,ST-Full,
342.93433,0.16028,1240,3.19998,2.87936,ST-Full,
343.07483,0.13379,1241,3.23003,2.89535,ST-Full,
343.29651,0.21411,1242,3.36360,2.86775,ST-Full,
343.56470,0.26160,1243,3.24012,2.94417,ST-Full,
343.85864,0.28748,1244,3.17026,2.92069,ST-Full-W8,
344.29480,0.42896,1245,3.16871,3.03523,ST-Full-W7,
344.58887,0.26721,1246,3.42902,2.97405,ST-Full-W9,
344.83740,0.20117,1247,3.39126,2.94471,ST-Full-W2,
345.19189,0.34802,1248,3.24317,2.83602,ST-Full-W1,
345.38647,0.16724,1249,3.93204,2.83350,ST-Full-W3-W13,
345.66772,0.19470,1250,3.10852,3.03458,TT-Full,
345.79443,0.12000,1251,3.19185,3.15573,TT-Full,
346.04236,0.22095,1252,3.17749,3.10658,ST-Full-W9,
346.27063,0.22107,1253,3.31591,3.27879,ST-Full-W10,
346.35718,0.07983,1254,4.37256,3.22658,ST-Full-W9,
346.53857,0.15417,1255,3.59260,3.15644,ST-Full,
346.76624,0.20142,1256,3.64559,3.19249,ST-Full,
347.36194,0.58899,1257,3.59829,3.15860,ST-Full,
347.90442,0.53528,1258,3.76323,3.38279,ST-Full,
348.08484,0.17371,1259,3.77533,3.30213,,
348.41406,0.28137,1260,3.64317,3.32445,ST-Full-W6,
348.88269,0.44214,1261,3.97267,3.54597,ST-Full-W9,
349.10376,0.17395,1262,4.33031,4.27480,ST-Full-W4,
349.22412,0.11401,1263,3.64672,3.71703,ST-Full-W13,
349.45898,0.20764,1264,3.61514,3.61445,ST-Full,
349.68677,0.20093,1265,3.84275,3.64649,ST-Full,
349.98096,0.28760,1266,4.08757,4.00102,TT-Full,
350.29553,0.28723,1267,4.09232,3.94958,ST-Full-W11,
350.53711,0.21448,1268,3.71120,3.49939,ST-Full-W13,
351.13391,0.56970,1269,3.81290,3.65744,ST-TT-Full,
351.32117,0.16064,1270,3.53366,3.15302,ST-Full,
351.53528,0.18738,1271,4.15027,3.09968,W2,
351.71631,0.15405,1272,3.65894,3.58839,,
351.99768,0.23438,1273,4.52504,3.54302,,
352.20532,0.18091,1274,3.42383,3.32993,W9,
352.89526,0.68335,1275,3.34953,3.26511,W10,
353.06958,0.16760,1276,3.46141,3.14711,W9,
353.41736,0.16052,1277,3.51786,3.13962,,
353.62537,0.20068,1278,3.44512,3.10231,,
353.96643,0.33435,1279,3.47241,2.98365,,
354.09375,0.12012,1280,3.49752,2.97633,W1,
354.25452,0.15332,1281,4.23457,2.95508,,
354.40234,0.10022,1282,3.44071,3.23493,,
354.56299,0.15393,1283,3.52601,3.30298,W7,
354.77747,0.18799,1284,3.51973,3.36416,,
355.04492,0.24121,1285,3.46166,3.29874,,
355.25256,0.18005,1286,3.48625,3.43083,,
355.38647,0.10669,1287,3.54897,3.44047,,
355.70837,0.29468,1288,3.64696,3.37666,,
356.00330,0.26794,1289,3.41011,3.35219,,
356.23047,0.18054,1290,3.74667,3.75258,,
356.37183,0.11462,1291,3.56377,3.31032,,
356.59949,0.20129,1292,3.43615,3.22495,,
356.88708,0.26086,1293,3.41936,3.01255,,
357.12146,0.16699,1294,3.37540,3.03887,,
357.49036,0.36218,1295,3.49001,3.10020,,
357.58398,0.08691,1296,3.60344,3.13527,,
357.79126,0.18054,1297,3.42719,3.52223,,
357.96509,0.16699,1298,3.49358,3.47980,,
358.90979,0.93799,1299,3.27776,3.32016,,
359.15796,0.22131,1300,3.26516,2.85530,,
359.32507,0.14001,1301,3.93710,3.80653,,
359.49280,0.14038,1302,3.65477,3.31173,,
359.82800,0.30835,1303,3.57313,3.64018,,
360.03564,0.20093,1304,3.93037,3.77259,,
360.45093,0.40857,1305,3.90335,3.72467,,
360.78564,0.30786,1306,3.84156,3.70592,,
361.02698,0.21423,1307,3.40380,3.33182,,
361.34192,0.28821,1308,3.51643,3.51948,,
361.44897,0.10046,1309,3.79165,3.76031,,
361.97107,0.49524,1310,3.87709,3.66363,,
362.07825,0.10059,1311,3.34441,3.36821,,
362.39307,0.28772,1312,3.83898,3.85508,,
362.56726,0.14697,1313,3.58287,3.41441,,
362.80847,0.21472,1314,3.35193,3.39737,,
362.90210,0.08691,1315,3.86779,3.96498,,
363.01599,0.10706,1316,3.58086,3.58067,,
363.22437,0.18164,1317,3.38217,3.56657,,
363.66589,0.43530,1318,3.38467,3.80665,,
363.81348,0.14124,1319,3.53470,3.73183,,
364.00110,0.18103,1320,3.27627,3.30649,,
364.10828,0.08008,1321,3.09738,3.05318,,
364.55237,0.41736,1322,3.25435,3.15633,,
364.85254,0.27612,1323,3.45195,3.71032,,
364.95154,0.09192,1324,3.92883,3.93282,,
365.08557,0.10535,1325,3.16867,2.74705,,
365.38708,0.27441,1326,3.95065,3.88371,,
365.64844,0.22986,1327,3.93379,3.93206,,