TIME(2023/11/07 13:45:50.813),FPOGD,FPOGID,LPMM,RPMM,AOI,
0.14014,0.14014,1,3.78730,4.13341,,
0.44873,0.30188,2,3.77706,4.04024,,
0.56879,0.11365,3,4.15001,3.55278,,
0.74323,0.14734,4,3.39041,3.61346,,
1.10504,0.33472,5,3.43142,3.50359,,
1.26544,0.15393,6,3.61056,3.19000,,
1.48700,0.17450,7,3.38067,3.71661,,
1.65417,0.16058,8,3.69530,3.85413,,
1.94916,0.28839,9,3.60448,3.70332,,
2.34387,0.38794,10,3.68187,3.66056,,
2.54492,0.19379,11,3.67395,3.64333,,
2.98022,0.42841,12,3.03476,3.69077,,
3.22797,0.08032,13,3.93339,3.96694,,
3.46265,0.18738,14,2.94707,4.03182,,
3.68402,0.21429,15,2.96896,4.32549,,
3.85785,0.16711,16,3.00391,4.18949,,
4.11218,0.24786,17,3.99036,4.31528,,
4.21271,0.09381,18,3.10318,3.95947,,
4.30048,0.08044,19,2.26015,3.69695,,
4.86267,0.25439,20,3.95864,4.21318,ST-Full-W1,
5.11047,0.24133,21,4.08310,4.05125,ST-Full,
5.30463,0.18713,22,4.23523,3.92784,ST-Full,
5.42554,0.11420,23,4.15959,4.06292,ST-Full,
5.50592,0.07416,24,2.47224,3.68432,ST-Full-W5,
6.16913,0.13409,25,4.23929,4.04278,ST-Full-W3,
6.38342,0.20758,26,4.07306,4.14759,ST-Full,
6.63763,0.24725,27,4.05189,4.09852,ST-Full-W2,
6.80542,0.16125,28,4.30288,4.33108,ST-Full,
7.04620,0.23474,29,4.20661,4.34190,ST-Full,
7.23389,0.18097,30,3.99070,4.19370,ST-Full,
7.41461,0.17377,31,4.14126,4.15061,ST-Full-W4,
7.59552,0.17407,32,4.06962,4.09170,ST-Full,
7.84985,0.24786,33,4.05113,3.32810,ST-Full-W7,
8.12506,0.26807,34,4.14089,3.33556,ST-Full-W8,
8.35944,0.22809,35,4.12502,3.30901,ST-Full,
8.78143,0.41522,36,4.08581,3.35891,ST-Full,
9.14941,0.36121,37,4.35764,3.35224,ST-Full-W9-W10,
9.29724,0.14111,38,4.07536,3.47509,ST-Full-W10,
9.50488,0.20087,39,4.09186,3.44878,ST-Full-W10,
9.77960,0.26788,40,3.99316,3.46102,ST-Full-W10,
9.93304,0.14685,41,4.12057,3.62032,ST-Full-W9,
10.03369,0.09369,42,3.97947,4.03204,ST-Full-W9,
10.24121,0.18024,43,4.06210,4.01985,ST-Full-W2,
10.48267,0.23450,44,3.99492,4.07985,ST-Full-W12,
10.72394,0.23480,45,4.02469,4.03134,ST-Full-W2-W12,
10.93109,0.20038,46,3.88172,3.85578,ST-Full-W2-W12,
11.09906,0.14081,47,3.86191,3.94443,ST-Full-W13,
11.24628,0.14050,48,3.88078,4.01247,ST-Full-W4,
11.51440,0.26068,49,3.90267,4.10921,ST-Full-W5-W13,
11.62775,0.10669,50,3.96028,4.09477,ST-Full-W5,
11.82922,0.19476,51,4.14829,3.91269,ST-Full-W3,
12.18427,0.34827,52,4.05486,3.96295,ST-Full-W12,
12.45844,0.26752,53,4.03747,3.93698,ST-Full-W12,
12.63922,0.17407,54,4.10501,4.01786,ST-Full-W12,
12.83392,0.18799,55,3.90762,4.06434,ST-Full-W2-W12,
12.96118,0.12030,56,6.06875,2.07478,ST-Full-W13,
13.30286,0.15051,57,4.05454,3.79095,ST-Full-W5,
13.54352,0.21405,58,4.14496,4.21836,ST-Full-W2,
13.82532,0.27509,59,3.41144,4.28859,ST-Full-W2,
14.03967,0.20764,60,4.01913,4.10282,ST-Full,
14.29413,0.24774,61,4.17799,3.97776,ST-Full-W1-W12,
14.58893,0.28802,62,4.25496,4.21091,ST-Full-W2-W12,
14.89703,0.30151,63,3.45626,4.11740,ST-Full-W1-W2,
15.04437,0.14056,64,4.13830,3.98349,ST-Full,
15.94873,0.89771,65,4.21264,4.10554,ST-Full-W3,
16.13629,0.18097,66,4.18655,4.25035,ST-Full,
16.39032,0.24738,67,4.47214,4.21789,ST-Full,
16.47803,0.08099,68,4.29782,3.89883,ST-Full,
16.67206,0.14777,69,4.21398,3.75273,TT-Full,
16.78595,0.10718,70,4.42178,3.71874,TT-Full,
17.20154,0.40912,71,4.22016,3.68444,TT-Full,
17.30792,0.09991,72,4.11629,3.68798,TT-Full,
17.41565,0.10052,73,4.23751,3.71183,TT-Full,
17.52228,0.09998,74,4.22837,3.69507,,
17.68359,0.15399,75,4.25671,3.71847,Full,
17.86438,0.17407,76,4.34758,3.76722,TT-Full,
18.19904,0.32788,77,4.25154,3.62457,TT-Full,
18.32666,0.10046,78,4.25697,3.69926,,
18.54767,0.21429,79,4.21212,3.74976,TT-Full,
19.85388,1.29980,80,4.02587,3.78778,TT-Full,
20.66437,0.72388,81,3.92170,4.10362,ST-Full-W4,
21.18011,0.44940,82,4.33256,3.72796,TT-Full,
21.35400,0.16718,83,4.21240,3.78379,TT-Full,
21.64227,0.28174,84,4.28066,3.82880,TT-Full,
22.41962,0.77094,85,4.26578,3.77055,TT-Full,
22.66046,0.23450,86,4.35289,3.76474,TT-Full,
22.86139,0.19482,87,4.15898,3.79087,TT-Full,
23.12244,0.25439,88,4.22750,3.78513,TT-Full,
23.46381,0.33490,89,4.14661,3.69971,TT-Full,
23.59827,0.12750,90,4.15662,3.66559,TT-Full,
23.73889,0.13397,91,4.09796,3.69644,TT-Full,
24.06714,0.32159,92,4.29286,3.71005,TT-Full,
24.77667,0.70288,93,3.55674,3.20334,TT-Full,
25.05847,0.09369,94,3.24970,2.44395,ST-Full,
25.19220,0.10785,95,3.37726,2.29941,ST-Full,
25.32593,0.12726,96,3.26442,2.32416,ST-Full,
25.44019,0.10712,97,4.28912,4.20157,ST-Full,
25.60773,0.14069,98,4.33887,4.35938,ST-Full,
25.92926,0.15399,99,3.12022,2.34254,ST-Full,
26.06323,0.12762,100,3.18347,2.37916,ST-Full,
26.19000,0.12048,101,2.74766,2.30376,ST-Full,
26.53162,0.20740,102,4.32737,3.45550,TT-Full,
27.02106,0.48279,103,3.54024,3.47358,TT-Full,
27.24213,0.21436,104,4.19741,3.50172,TT-Full,
27.36267,0.11407,105,4.06975,3.51729,TT-Full,
27.55688,0.18756,106,4.29078,3.59466,TT-Full,
27.93207,0.36804,107,3.95940,3.58662,TT-Full,
28.47424,0.53583,108,4.06563,3.60348,TT-Full,
29.23151,0.75018,109,4.15938,3.86362,TT-Full,
29.47900,0.24072,110,4.01712,4.35262,TT-Full,
29.67371,0.14740,111,4.21016,4.09760,ST-Full-W6,
29.86755,0.16748,112,4.27989,4.04659,ST-Full-W3,
30.00220,0.12830,113,4.20647,4.06447,ST-Full,
30.28320,0.27466,114,4.27529,4.12001,ST-Full,
30.51764,0.22772,115,4.14679,4.20205,ST-Full,
30.74512,0.22076,116,4.03619,4.23349,ST-Full-W3,
30.90613,0.15411,117,4.12594,4.12889,ST-Full-W3,
31.25385,0.34143,118,4.01033,4.25785,ST-Full-W5,
31.31488,0.05371,119,3.59734,3.36893,ST-Full,
31.53577,0.19482,120,4.18607,3.46177,TT-Full,
31.81702,0.27454,121,4.03804,3.35129,TT-Full,
32.13831,0.31464,122,4.06218,3.38610,TT-Full,
32.48688,0.34149,123,3.64044,3.52283,TT-Full,
32.75488,0.22113,124,4.23834,3.98932,ST-Full,
32.89502,0.13354,125,4.04596,3.49603,ST-Full-W4,
33.16992,0.22754,126,3.95008,3.54174,TT-Full,
33.59882,0.42200,127,3.94901,3.50748,TT-Full,
33.96698,0.36139,128,4.06131,3.54448,TT-Full,
34.10748,0.13354,129,3.90615,3.55598,TT-Full,
34.45624,0.34204,130,3.89839,3.59294,TT-Full,
35.01892,0.55597,131,3.94261,3.62974,TT-Full,
35.54755,0.52197,132,4.24634,3.61868,TT-Full,
35.66199,0.10718,133,4.13815,3.59076,TT-Full,
35.88971,0.22107,134,4.19912,3.54878,TT-Full,
36.08362,0.18719,135,3.99176,3.53943,TT-Full,
36.33856,0.24811,136,3.78462,3.49656,TT-Full,
36.51233,0.16711,137,3.77731,3.99894,TT-Full,
36.71356,0.15393,138,4.01119,3.96954,ST-Full-W5,
37.02167,0.28156,139,3.93090,4.27192,ST-Full,
37.25616,0.22803,140,4.09830,4.10209,ST-Full,
37.57764,0.31488,141,4.01254,4.22871,ST-Full-W4,
38.32117,0.73676,142,4.22810,4.18062,ST-Full-W5,
38.59534,0.26746,143,4.30103,4.07410,ST-Full-W5,
38.91724,0.31506,144,3.88986,4.08185,ST-Full-W4,
39.19183,0.22784,145,4.14468,3.65873,TT-Full,
39.36584,0.16736,146,4.14516,3.69206,TT-Full,
39.48621,0.11334,147,4.07051,3.62911,TT-Full,
39.74768,0.25446,148,3.87296,3.70889,TT-Full,
39.86182,0.10718,149,4.21963,3.68883,TT-Full,
39.96228,0.09381,150,4.07601,3.66260,TT-Full,
40.16278,0.19366,151,3.61719,3.61052,TT-Full,
40.43787,0.22772,152,4.13793,3.70360,TT-Full,
40.67230,0.22772,153,4.12573,3.72986,TT-Full,
40.80566,0.12720,154,4.13553,3.79797,,
41.02002,0.20752,155,4.23137,3.68545,,
41.14728,0.12030,156,4.12214,3.70689,TT-Full,
41.35516,0.20111,157,4.06371,3.68064,TT-Full,
41.65021,0.28827,158,4.16743,3.73689,TT-Full,
41.80377,0.14679,159,4.09858,3.82197,TT-Full,
41.91779,0.10718,160,4.31153,3.76344,TT-Full,
42.09241,0.16754,161,4.16556,3.68428,,
42.33972,0.24066,162,4.13643,3.71849,TT-Full,
42.47418,0.12762,163,4.30126,3.78393,TT-Full,
42.57428,0.09338,164,4.11768,3.70089,Full,
42.84259,0.26178,165,4.05990,3.78669,TT-Full,
42.97656,0.12732,166,4.10779,3.69530,,
43.28467,0.28186,167,4.05647,3.75196,TT-Full,
43.89374,0.36115,168,3.21995,2.39035,ST-Full-W8,
44.07507,0.17462,169,3.28977,2.66624,ST-Full,
44.18896,0.10773,170,3.31941,2.35991,ST-Full,
44.34302,0.14746,171,3.32554,2.53169,ST-Full,
44.51056,0.16150,172,3.29986,2.48085,ST-Full,
44.71143,0.17444,173,3.23443,2.57887,,
44.95929,0.24115,174,3.13906,2.32929,ST-Full,
45.08014,0.11414,175,3.21332,2.48405,ST-Full,
45.34778,0.26147,176,3.49106,2.35393,ST-Full-W6,
45.49512,0.14069,177,3.29211,2.45385,ST-Full,
45.83002,0.32812,178,3.25451,2.60316,ST-Full,
46.06451,0.16083,179,4.14166,4.30150,ST-Full-W5,
46.47980,0.40863,180,3.98424,4.08462,ST-Full,
46.62042,0.13403,181,4.31793,4.26600,ST-Full-W5,
46.72089,0.09424,182,4.16303,3.60265,ST-Full,
46.86780,0.10004,183,4.09239,3.73419,TT-Full,
47.08936,0.21460,184,4.06865,3.70261,TT-Full,
47.45105,0.35498,185,4.17331,3.53957,TT-Full,
47.61133,0.15344,186,4.05159,3.53253,TT-Full,
47.81281,0.19476,187,4.23818,3.54645,TT-Full,
48.05298,0.23328,188,4.34094,3.56519,TT-Full,
48.19391,0.13385,189,4.00926,3.55347,TT-Full,
48.37512,0.17383,190,4.25401,3.54440,Full,
48.48260,0.09784,191,4.32952,3.50839,TT-Full,
48.56946,0.08014,192,4.22543,3.54528,TT-Full,
48.79071,0.21460,193,4.24618,3.61999,TT-Full,
48.90460,0.10724,194,4.04912,3.62084,TT-Full,
49.01849,0.08704,195,4.19854,3.63137,TT-Full,
49.18585,0.16089,196,1.64225,3.19523,TT-Full,
50.18396,0.95117,197,4.26303,3.71405,TT-Full,
50.87384,0.68311,198,4.10828,3.64374,TT-Full,
50.99426,0.11359,199,4.04593,3.51190,TT-Full,
51.23553,0.23444,200,3.98542,3.49589,TT-Full,
51.55042,0.30859,201,3.90000,3.40098,TT-Full,
51.97913,0.42249,202,3.54454,3.23620,TT-Full,
52.17303,0.18719,203,3.65129,4.03207,TT-Full,
52.30066,0.12061,204,3.98356,3.31616,ST-Full,
52.50830,0.18091,205,4.00661,3.50366,TT-Full,
52.88977,0.37476,206,4.22823,3.53590,TT-Full,
53.09094,0.19464,207,4.06654,3.55002,TT-Full,
53.45886,0.36169,208,4.08668,3.56269,TT-Full,
53.75372,0.28760,209,4.05130,3.52475,TT-Full,
53.92767,0.16681,210,4.08467,3.53301,TT-Full,
54.07574,0.14069,211,4.05355,3.54727,TT-Full,
54.20917,0.12695,212,4.20847,3.63435,TT-Full,
54.35016,0.13422,213,4.04222,3.60831,TT-Full,
54.50439,0.14764,214,4.13019,3.61275,TT-Full,
54.65131,0.14008,215,3.88582,3.62659,TT-Full,
54.97949,0.32135,216,3.98094,3.67402,TT-Full,
55.11346,0.10669,217,4.17255,3.72274,TT-Full,
55.22784,0.10712,218,4.15844,3.69855,,
55.37518,0.14069,219,4.13523,3.75255,TT-Full,
55.48236,0.10052,220,4.10651,3.76725,TT-Full,
55.61633,0.12726,221,3.99554,3.77172,TT-Full,
55.79718,0.17413,222,4.24441,3.73183,TT-Full,
56.08478,0.24078,223,4.10370,3.66586,TT-Full,
56.39960,0.30835,224,4.02433,3.59548,TT-Full,
56.58759,0.18134,225,3.75814,3.52522,TT-Full,
56.70148,0.10718,226,3.89379,3.45950,TT-Full,
56.92224,0.19397,227,4.15624,4.16067,ST-Full,
57.13019,0.18109,228,4.15083,4.20481,ST-Full,
57.25745,0.12079,229,4.16705,4.20573,ST-Full-W4,
57.53210,0.26794,230,4.10533,4.05248,ST-Full,
57.62585,0.08716,231,3.71481,3.95758,ST-Full,
57.88702,0.23438,232,3.79772,3.39975,ST-TT-Full,
58.36932,0.47559,233,3.69725,3.99852,TT-Full,
58.63037,0.15387,234,3.58818,3.69062,,
58.89148,0.23413,235,3.57757,3.59564,,
59.15259,0.25409,236,3.71379,3.64992,,
59.23297,0.07361,237,2.81983,3.66334,,
59.81592,0.43536,238,3.06100,2.54601,ST-Full,
60.04993,0.22760,239,3.46580,2.20621,ST-Full,
60.16400,0.10712,240,3.12463,2.44285,,
60.37164,0.20050,241,3.27363,2.26436,ST-Full-W6,
60.47913,0.10046,242,3.20404,2.60921,Full,
60.82697,0.30072,243,3.43129,2.51478,TT-Full,
60.96924,0.13501,244,2.72979,2.52370,TT-Full,
61.26929,0.29364,245,2.80956,2.73442,ST-Full,
61.49078,0.21429,246,2.80572,2.76083,ST-Full,
61.82568,0.32825,247,2.91453,2.67451,ST-Full,
62.06683,0.23444,248,2.87957,2.58927,ST-Full,
62.27441,0.20111,249,2.81259,2.66836,ST-Full,
62.46155,0.18036,250,2.92055,2.74405,ST-Full,
62.65601,0.18781,251,4.01132,3.53718,ST-Full,
63.09161,0.40869,252,3.88682,3.55397,TT-Full,
63.57349,0.47559,253,3.86447,3.57980,TT-Full,
63.83514,0.25446,254,3.93383,3.46003,TT-Full,
64.45093,0.60889,255,3.70871,3.46731,TT-Full,
64.69922,0.24115,256,3.76223,3.46883,TT-Full,
64.90021,0.19421,257,3.65073,3.37075,ST-TT-Full,
65.36914,0.46210,258,3.70012,3.41901,TT-Full,
65.95837,0.58258,259,3.71748,3.38091,TT-Full,
67.47253,1.50726,260,3.70169,3.51248,TT-Full,
68.45038,0.97125,261,3.77646,4.08395,TT-Full,
69.25415,0.79712,262,3.65342,4.14266,TT-Full,
70.31256,1.05164,263,3.46848,3.73274,TT-Full,
70.60022,0.28107,264,3.48752,3.90445,TT-Full,
70.98230,0.37555,265,3.39599,3.70767,TT-Full,
71.30383,0.31476,266,3.40671,3.50797,TT-Full,
71.80609,0.33551,267,3.73489,3.09376,TT-Full,
72.16119,0.10638,268,3.77249,3.19005,TT-Full,
72.36176,0.19379,269,3.91536,3.30046,TT-Full,
72.65002,0.28113,270,3.33685,3.15031,TT-Full,
72.83746,0.18048,271,3.30643,3.13782,TT-Full,
72.98505,0.14105,272,3.27932,3.26683,TT-Full,
73.27313,0.28137,273,3.69198,3.24592,TT-Full,
73.50757,0.22772,274,3.61717,3.06966,TT-Full,
73.70795,0.19391,275,3.61308,3.70995,TT-Full,
73.92291,0.20764,276,3.64074,3.16952,TT-Full,
74.21716,0.28754,277,3.69479,3.78803,TT-Full,
74.42511,0.20062,278,3.54171,3.82602,TT-Full,
74.63959,0.16772,279,3.84214,4.21220,ST-Full,
74.84692,0.05988,280,2.99315,2.29822,,
75.14874,0.15399,281,2.65455,2.44936,ST-Full,
75.35663,0.18134,282,2.76749,2.79258,Full,
75.61090,0.24780,283,2.60293,2.76452,,
75.67786,0.02057,284,2.64297,2.68999,,
75.95227,0.22748,285,2.65220,2.92285,TT-Full,
76.12671,0.16730,286,2.65834,2.77311,ST-Full,
76.24036,0.10706,287,2.61268,2.76295,TT-Full,
76.44818,0.20111,288,2.95531,2.82123,ST-Full,
76.64191,0.18707,289,2.67313,2.73821,ST-Full,
76.93042,0.26178,290,3.10696,2.74734,ST-Full,
77.41895,0.42157,291,2.75610,2.83019,ST-Full,
77.65369,0.18768,292,2.82780,2.77052,TT-Full,
77.86816,0.20782,293,2.58256,2.97306,TT-Full,
77.98199,0.10706,294,3.14796,3.07720,ST-Full,
78.69836,0.70966,295,3.71900,3.95619,TT-Full,
79.20813,0.48303,296,3.62523,3.85909,TT-Full,
79.85095,0.63635,297,3.73437,3.91833,TT-Full,
80.68823,0.83057,298,3.66135,3.87209,TT-Full,
81.15045,0.45605,299,3.53539,3.93155,TT-Full,
82.36249,1.20587,300,3.79439,3.88757,TT-Full,
82.61066,0.24164,301,3.70394,3.89290,TT-Full,
83.44757,0.83020,302,3.67151,3.66395,TT-Full,
83.72931,0.27502,303,3.66825,3.93603,TT-Full,
84.48621,0.75031,304,3.68677,3.85326,TT-Full,
84.64642,0.15356,305,3.88050,3.47660,TT-Full,
84.79425,0.14105,306,4.24594,3.57985,ST-TT-Full,
85.07568,0.25482,307,3.80010,3.55710,TT-Full,
85.31012,0.22772,308,3.98495,3.41561,TT-Full,
85.50439,0.18805,309,3.72490,3.51925,TT-Full,
85.71179,0.20081,310,3.59417,3.47179,TT-Full,
85.89288,0.17419,311,3.68634,4.07660,TT-Full,
86.06030,0.16077,312,3.47282,3.67337,TT-Full,
86.26099,0.19373,313,3.53676,3.61323,TT-Full,
86.48230,0.13391,314,4.00430,4.23826,ST-Full,
86.58948,0.10040,315,4.01462,4.02215,ST-Full-W5,
86.74988,0.15369,316,4.09114,4.12175,ST-Full-W5,
86.86414,0.10638,317,3.98432,4.01853,ST-Full,
87.09143,0.22113,318,4.02314,4.16084,ST-Full,
87.17889,0.08032,319,3.55181,4.04186,ST-Full,
87.36646,0.16113,320,3.99327,3.41283,TT-Full,
87.59424,0.20050,321,4.04991,3.37135,TT-Full,
87.95581,0.35486,322,3.97452,3.35835,TT-Full,
88.33105,0.36890,323,3.60730,4.05213,TT-Full,
88.53845,0.18091,324,3.59063,3.78902,TT-Full,
88.73938,0.17450,325,3.91372,3.45619,ST-TT-Full,
88.99414,0.22778,326,4.18582,3.52283,TT-Full,
89.18127,0.18036,327,4.02178,3.52852,TT-Full,
89.37573,0.18719,328,3.90096,3.40722,TT-Full,
89.63031,0.24811,329,3.57866,3.37989,TT-Full,
89.83771,0.20050,330,3.72455,3.22740,TT-Full,
89.99890,0.15448,331,3.84062,3.25022,TT-Full,
90.13287,0.12726,332,3.64932,3.16357,TT-Full,
90.34058,0.20093,333,3.49322,3.84361,TT-Full,
90.55499,0.20776,334,3.70207,3.93570,TT-Full,
91.10419,0.52258,335,4.13173,4.06717,ST-Full,
91.27856,0.16772,336,4.01433,3.90521,ST-Full-W5,
91.53284,0.24780,337,3.77478,3.10812,ST-Full,
91.78693,0.24738,338,4.06775,4.06252,ST-Full,
92.28979,0.49591,339,4.23343,4.02276,ST-Full,
92.59717,0.30072,340,3.77627,3.99734,ST-Full,
92.73187,0.12726,341,3.89584,4.34996,ST-Full,
92.96631,0.22803,342,3.98539,4.51713,ST-Full-W7,
93.15375,0.18103,343,4.13653,4.18767,ST-Full-W8,
93.28741,0.12714,344,4.13340,4.16776,ST-Full-W8,
93.49542,0.20087,345,4.04608,4.20757,ST-Full,
93.62268,0.12048,346,3.59885,4.43536,ST-Full-W6,
94.05756,0.14673,347,3.34283,2.51977,ST-Full-W9,
94.16534,0.10052,348,3.23128,2.46763,ST-Full-W9,
94.44666,0.27466,349,3.05287,2.34028,ST-Full,
95.22314,0.36804,350,3.89749,4.14539,ST-Full,
95.61206,0.38171,351,3.80641,3.98112,ST-Full,
95.87946,0.24091,352,3.37352,3.63448,TT-Full,
96.00739,0.12115,353,3.46158,3.71602,TT-Full,
96.12115,0.10718,354,4.10396,3.67268,TT-Full,
96.23511,0.08704,355,3.99823,4.21853,ST-Full,
96.63031,0.32892,356,4.04096,4.10595,ST-Full,
96.93170,0.29510,357,4.08833,3.21849,ST-Full,
97.31293,0.37445,358,4.18961,4.21990,ST-Full,
97.44757,0.12762,359,4.08569,4.28582,ST-Full-W6,
97.58148,0.12732,360,4.09993,4.10881,ST-Full,
97.82275,0.23456,361,4.28651,4.10528,ST-Full,
98.07001,0.22064,362,4.12254,4.30577,ST-Full,
98.29779,0.22125,363,4.29665,4.31327,ST-Full-W7-W8,
98.46564,0.16119,364,4.16139,4.19607,ST-Full,
98.67279,0.20044,365,4.09878,4.14793,ST-Full-W9,
99.09528,0.39514,366,4.06861,4.15962,ST-Full-W6-W7,
99.25562,0.15363,367,4.08247,4.29572,ST-Full-W8,
99.37628,0.11310,368,4.17152,3.60331,ST-Full,
99.56415,0.18079,369,4.14763,3.52863,ST-Full-W9,
99.69135,0.10034,370,4.17051,3.47228,ST-Full,
99.81836,0.12042,371,3.91487,4.22299,ST-Full-W10,
100.01965,0.15399,372,3.85842,4.03731,ST-Full-W2,
100.22034,0.19452,373,3.88962,3.95598,ST-Full-W1,
100.31348,0.08636,374,3.87473,4.05588,ST-Full-W12,
100.64270,0.30249,375,3.91502,4.21031,ST-Full-W5,
100.86371,0.21436,376,4.03731,4.26730,ST-Full,
100.97089,0.10059,377,3.72449,3.64071,ST-Full,
101.23212,0.23450,378,3.49347,3.63386,TT-Full,
101.99567,0.75690,379,3.51535,3.78196,TT-Full,
102.56451,0.56219,380,3.49774,3.65632,TT-Full,
102.91284,0.34131,381,3.82772,4.14501,TT-Full,
103.15448,0.21429,382,4.23230,4.09141,ST-Full-W7,
103.30859,0.14740,383,4.07320,4.00037,ST-Full-W6,
103.51624,0.20093,384,4.00785,4.04470,ST-Full,
103.79089,0.26801,385,3.97525,3.99367,ST-Full-W6,
104.21216,0.38818,386,4.03421,4.11379,ST-Full,
104.43335,0.19440,387,4.09569,4.14229,ST-Full-W6,
104.75470,0.29456,388,3.60761,3.66957,TT-Full,
104.98914,0.22729,389,3.62921,3.82514,TT-Full,
105.44482,0.44861,390,3.53445,3.91417,TT-Full,
105.68640,0.21472,391,3.99804,3.50922,ST-Full-W9-W10,
105.84729,0.15399,392,4.29961,4.42703,ST-Full-W10,
106.16876,0.29419,393,3.87269,4.00678,ST-Full-W8,
106.38916,0.19385,394,3.54315,3.82473,TT-Full,
106.60352,0.20746,395,3.55484,3.84614,TT-Full,
106.75110,0.14081,396,3.59387,4.09413,TT-Full,
106.99213,0.21454,397,4.17754,3.36053,ST-Full,
107.07941,0.08051,398,3.63869,3.83576,ST-Full,
107.36096,0.25476,399,3.54954,3.37791,TT-Full,
107.62164,0.25403,400,3.86718,3.39623,TT-Full,
107.92377,0.27490,401,4.00536,3.38171,TT-Full,
108.16486,0.23444,402,3.86081,3.24752,TT-Full,
108.35913,0.18799,403,3.52361,3.85949,TT-Full,
108.54669,0.16119,404,3.50879,3.57016,TT-Full,
108.71405,0.16071,405,3.37475,3.55452,TT-Full,
108.91504,0.17468,406,4.14592,3.97370,ST-Full-W5,
109.10962,0.16797,407,4.03914,4.14503,ST-Full-W1-W2,
109.26306,0.14746,408,4.41995,4.27814,ST-Full-W1-W2,
109.51068,0.24115,409,4.06031,4.01936,ST-Full,
109.65857,0.14087,410,4.21781,4.40035,ST-Full,
109.87286,0.20782,411,4.03359,3.93957,ST-Full,
110.09399,0.21436,412,4.29253,4.06322,ST-Full,
110.22797,0.12732,413,4.06990,4.25142,ST-Full,
110.34845,0.11377,414,3.98550,4.11302,ST-Full,
110.56958,0.21429,415,4.28720,4.37298,ST-Full-W6,
110.61609,0.03955,416,4.02958,4.27374,,
110.89777,0.23450,417,4.20451,3.56050,ST-Full,
111.21906,0.31458,418,4.09148,3.45708,ST-Full-W9,
111.56726,0.34125,419,4.13222,3.49124,ST-Full-W10,
111.66809,0.09424,420,3.49993,3.16866,ST-Full-W10,
111.98291,0.16742,421,2.72116,2.53559,ST-Full,
112.19055,0.18091,422,3.02826,2.51351,ST-Full-W14,
112.35767,0.14032,423,2.55314,2.54163,ST-Full-W13,
112.73315,0.18762,424,2.99150,2.66996,ST-Full-W6,
112.83392,0.09412,425,2.89164,2.61581,ST-Full,
112.91400,0.07355,426,2.63592,2.56375,ST-Full-W8,
113.02722,0.08649,427,2.96897,2.68285,,
113.24841,0.17438,428,2.85269,2.48705,ST-Full-W8,
113.77765,0.22107,429,2.72665,2.42048,ST-Full-W6,
113.82501,0.04047,430,3.16447,2.35381,ST-Full,
114.15948,0.22736,431,3.10261,2.56802,ST-Full,
114.40106,0.23450,432,2.59967,2.58110,ST-Full-W9,
114.48132,0.07355,433,3.33829,2.61471,ST-Full-W10,
114.68195,0.17383,434,3.23759,2.47549,,
114.82306,0.13458,435,3.24681,2.68515,,
114.91687,0.04718,436,3.35885,2.51566,,
115.24506,0.22089,437,3.04522,2.68274,,
115.27179,0.02008,438,3.14802,2.60735,,
115.44550,0.12701,439,2.75116,2.67008,ST-Full,
115.76025,0.30811,440,3.07778,2.68028,TT-Full,
116.06836,0.30096,441,3.76483,3.50473,TT-Full,
116.58417,0.48895,442,3.55106,3.84306,TT-Full,
117.03320,0.44226,443,3.57932,3.56765,ST-TT-Full,
117.25446,0.19440,444,4.07728,4.01285,ST-Full-W6,
117.44879,0.18762,445,4.07660,4.28619,ST-Full-W6,
117.70300,0.24786,446,4.20246,3.54507,ST-Full,
117.87018,0.16058,447,4.11875,4.38728,ST-Full,
117.97119,0.09393,448,4.06965,3.53399,ST-Full-W9,
118.11865,0.14142,449,4.19778,3.56079,ST-Full,
118.21906,0.09375,450,4.26295,3.75219,ST-Full,
118.44678,0.22089,451,4.24784,4.45903,ST-Full,
118.66119,0.20764,452,4.06213,3.54543,ST-Full-W9,
118.81525,0.12726,453,4.20658,3.50275,ST-Full,
118.96893,0.14697,454,4.03032,3.53663,,
119.11664,0.14044,455,4.00249,3.43616,ST-Full,
119.84637,0.70300,456,3.58980,3.02341,TT-Full,
120.14166,0.28864,457,3.54098,3.80425,TT-Full,
120.37549,0.22766,458,3.52875,3.85512,TT-Full,
120.57013,0.18799,459,3.57313,3.76889,TT-Full,
121.91620,1.33929,460,3.55396,3.33940,TT-Full,
122.21124,0.26788,461,3.48305,3.82203,ST-TT-Full,
122.37128,0.13300,462,3.34401,3.90583,TT-Full,
122.46558,0.08734,463,4.00015,4.38028,TT-Full,
122.73376,0.24176,464,4.03623,3.25915,ST-Full-W9,
122.85437,0.09381,465,4.03998,4.16892,ST-Full,
123.68457,0.82355,466,3.98728,3.47937,ST-Full-W6-W7,
123.90564,0.21442,467,4.16722,3.60508,ST-Full,
124.48199,0.56970,468,4.22116,4.25810,ST-Full-W8,
124.64282,0.15454,469,4.15778,4.18776,ST-Full-W7,
124.97101,0.32153,470,4.07099,3.56596,ST-Full-W8,
125.17200,0.19434,471,4.03158,3.54614,ST-Full-W8,
125.40643,0.22772,472,4.07034,4.09574,ST-Full-W8,
125.49323,0.08014,473,3.76347,3.51363,ST-Full-W8,
125.64117,0.14099,474,3.95749,3.74542,ST-Full,
125.91541,0.26782,475,3.60428,3.82052,TT-Full,
126.08911,0.16693,476,3.65595,3.79461,TT-Full,
126.31042,0.21448,477,3.60398,4.06922,TT-Full,
126.55847,0.24152,478,3.93867,3.50172,TT-Full,
126.74567,0.18048,479,4.06434,3.46751,TT-Full,
127.01404,0.26166,480,3.95288,3.45764,TT-Full,
127.21497,0.19427,481,3.70827,3.49109,TT-Full,
127.52252,0.28076,482,3.92958,3.63099,ST-Full,
127.83124,0.28119,483,4.20195,4.19244,ST-Full-W9,
127.98529,0.12787,484,4.22417,4.30989,ST-Full,
128.19922,0.20721,485,4.16759,4.16213,ST-Full,
128.42010,0.21381,486,4.01492,3.88554,ST-Full-W5,
128.85553,0.40869,487,3.68485,3.67054,TT-Full,
129.11060,0.24829,488,3.57527,3.80997,TT-Full,
129.26434,0.14716,489,3.58731,3.83242,ST-TT-Full,
129.53931,0.26825,490,3.59322,3.84297,TT-Full,
130.60388,1.05841,491,3.66097,3.74486,TT-Full,
130.91254,0.28143,492,3.77415,3.97340,ST-Full,
130.99951,0.08038,493,3.47615,3.51654,ST-Full,
131.09326,0.08710,494,4.14455,3.46870,TT-Full,
131.28046,0.18079,495,3.79355,3.61595,TT-Full,
131.44128,0.15369,496,3.95743,3.52215,TT-Full,
131.56219,0.11353,497,3.84668,3.54047,TT-Full,
131.72906,0.16016,498,3.87346,3.37203,TT-Full,
131.85022,0.11450,499,3.95934,3.35514,ST-Full,
132.10437,0.24744,500,3.61275,3.92837,TT-Full,
132.23932,0.12787,501,3.69596,3.14017,TT-Full,
132.34534,0.10004,502,3.55898,3.93852,TT-Full,
132.57361,0.22144,503,3.41233,3.55385,TT-Full,
133.07605,0.49628,504,3.83814,3.24076,TT-Full,
133.28375,0.18103,505,3.99011,4.43721,ST-Full-W9,
133.39081,0.10046,506,4.07992,3.22745,ST-Full-W8-W9,
133.71906,0.32153,507,4.17455,3.38257,ST-Full-W7-W8,
133.89954,0.15369,508,4.08953,3.32012,ST-Full,
134.02051,0.11389,509,4.10779,3.30230,ST-Full,
134.27502,0.24841,510,4.00042,4.11735,ST-Full,
134.38208,0.10040,511,4.00957,4.21547,ST-Full-W9,
134.77063,0.36176,512,3.57262,3.73743,TT-Full,
135.22571,0.44873,513,3.46312,3.50813,TT-Full,
135.46069,0.22754,514,3.53537,3.66371,TT-Full,
135.78833,0.32129,515,3.58497,3.64875,TT-Full,
135.98260,0.18750,516,3.54117,3.74269,ST-TT-Full,
136.25769,0.26807,517,3.40034,3.51919,TT-Full,
136.49249,0.22815,518,3.42632,3.70845,TT-Full,
136.83350,0.33459,519,3.66815,3.47720,TT-Full,
137.02795,0.18750,520,3.69852,3.17205,TT-Full,
137.41608,0.22113,521,3.52134,3.46941,ST-Full,
137.70453,0.28143,522,3.50768,3.47520,TT-Full,
138.10608,0.39490,523,3.45027,3.50929,TT-Full,
138.40753,0.29449,524,3.43135,3.44191,ST-TT-Full,
138.77625,0.16119,525,3.38647,3.50064,ST-Full,
138.91693,0.13391,526,3.31978,3.55906,TT-Full,
139.15143,0.22784,527,3.35946,3.36132,ST-Full,
139.44617,0.28845,528,3.43203,3.47674,ST-Full,
139.77435,0.10077,529,4.06293,3.35659,ST-Full-W9,
139.88824,0.10718,530,4.05739,3.34473,ST-Full,
140.10260,0.20837,531,4.25708,3.42675,ST-Full-W10,
140.20978,0.10052,532,3.74106,3.29931,ST-Full-W10,
140.39069,0.15411,533,4.02058,3.88991,ST-Full,
140.57812,0.18079,534,4.17814,3.88390,ST-Full-W1-W2,
140.67194,0.08710,535,3.86520,4.03108,ST-Full-W1,
140.82562,0.14697,536,3.92944,4.00996,ST-Full-W13,
140.99323,0.16107,537,3.27947,3.56366,ST-Full-W4,
141.36182,0.34161,538,3.52425,3.53511,ST-Full,
141.53601,0.16785,539,3.40089,3.54936,ST-Full,
142.18579,0.64337,540,3.43938,3.71839,ST-TT-Full,
142.60773,0.41528,541,3.55593,3.52506,TT-Full,
142.88910,0.27466,542,3.46590,3.49996,TT-Full,
143.19049,0.29474,543,3.45273,3.60957,TT-Full,
143.32446,0.12726,544,3.31760,3.44039,ST-TT-Full,
143.54553,0.21442,545,3.51780,3.53680,TT-Full,
143.67908,0.12677,546,3.66148,3.79762,TT-Full,
143.82684,0.14111,547,3.72667,3.87308,TT-Full,
143.91992,0.08636,548,4.13221,3.51547,TT-Full,
144.12109,0.17365,549,3.72170,3.54814,TT-Full,
144.30927,0.18091,550,3.90614,3.36459,TT-Full,
144.49597,0.18018,551,3.71783,3.28617,TT-Full,
144.79102,0.28766,552,3.39194,3.09660,ST-TT-Full,
145.01202,0.19379,553,3.43745,3.79520,TT-Full,
145.12555,0.10736,554,3.63087,3.69150,TT-Full,
145.27972,0.14722,555,3.44707,3.63785,TT-Full,
145.50092,0.21436,556,3.31512,3.52917,TT-Full,
145.70837,0.20093,557,3.30478,3.49896,ST-TT-Full,
146.20453,0.48938,558,3.48916,3.51907,ST-TT-Full,
146.40527,0.17419,559,4.14807,3.97918,ST-Full-W5,
146.54590,0.11353,560,4.01630,4.01988,ST-Full-W1,
146.70654,0.15411,561,3.63332,3.93854,ST-Full-W12,
146.92139,0.18805,562,4.12150,4.19233,ST-Full,
147.00854,0.08057,563,3.46050,3.47821,ST-Full,
147.20239,0.16699,564,3.41186,3.53205,ST-TT-Full,
147.43005,0.22113,565,3.42721,3.60275,ST-TT-Full,
147.67822,0.24152,566,3.44318,3.40196,ST-Full,
147.90594,0.22113,567,3.53641,3.50789,ST-Full,
148.16699,0.25433,568,3.55063,3.48188,TT-Full,
148.40161,0.22797,569,3.37586,3.62926,TT-Full,
148.80365,0.39478,570,3.43201,3.50091,TT-Full,
149.07117,0.26074,571,3.53139,3.63626,TT-Full,
150.11005,1.03223,572,3.47162,3.61673,ST-TT-Full,
150.37091,0.25439,573,3.48393,3.51370,TT-Full,
150.59839,0.22107,574,3.52973,3.52047,ST-TT-Full,
150.98730,0.38196,575,3.53604,3.51228,TT-Full,
151.18170,0.18787,576,3.24074,3.41397,TT-Full,
152.36670,1.01770,577,3.44843,3.54497,TT-Full,
152.94312,0.56964,578,3.55959,3.45187,TT-Full,
153.68665,0.73663,579,3.52074,3.57755,TT-Full,
154.53748,0.84448,580,3.28547,3.43337,TT-Full,
155.06671,0.34174,581,3.52671,3.75752,TT-Full,
155.35431,0.28125,582,3.36141,3.57899,TT-Full,
155.65570,0.29419,583,3.42050,3.43479,ST-Full,
155.74963,0.08734,584,3.92946,3.34884,TT-Full,
156.15845,0.38202,585,4.08632,3.47871,ST-Full-W10,
156.29248,0.10718,586,3.54425,3.65384,ST-Full,
156.61395,0.29529,587,3.50394,3.58269,TT-Full,
156.81494,0.15442,588,4.13687,3.34402,ST-Full-W9,
156.95563,0.13434,589,3.87931,3.98966,ST-Full-W10,
157.24353,0.24127,590,3.97492,4.09609,ST-Full-W2,
157.39771,0.14734,591,3.83418,4.06067,ST-Full-W12,
157.91986,0.51611,592,3.88761,3.87232,ST-Full-W4,
158.00726,0.08032,593,4.04758,3.34360,ST-Full-W13,
158.25507,0.22131,594,4.31875,3.38868,ST-Full-W10,
158.45660,0.19482,595,3.93159,4.21078,ST-Full-W11,
158.67639,0.19354,596,4.05610,3.89431,ST-Full-W4-W5,
158.78363,0.09991,597,3.99522,4.01090,ST-Full-W4-W5,
159.52679,0.73590,598,3.72418,3.84090,ST-Full-W2-W12,
159.80219,0.24756,599,3.48978,3.62023,ST-TT-Full,
160.09711,0.28833,600,3.47958,3.52634,ST-Full,
160.55890,0.45508,601,3.49887,3.56650,TT-Full,
160.80707,0.24103,602,3.60293,3.44424,ST-Full,
161.18188,0.36804,603,3.65694,3.56555,TT-Full,
161.50336,0.31439,604,3.53259,3.62122,TT-Full,
162.19336,0.68280,605,3.55485,3.59980,TT-Full,
162.60858,0.40820,606,3.62247,3.61268,ST-TT-Full,
164.82611,2.21039,607,3.54248,3.60015,TT-Full,
165.22760,0.39471,608,3.61566,3.67015,TT-Full,
165.65009,0.41541,609,3.61290,3.65197,ST-TT-Full,
166.26630,0.60956,610,3.58467,3.55705,ST-TT-Full,
167.10962,0.83698,611,3.63672,3.67179,TT-Full,
167.92078,0.80383,612,2.59258,3.65848,TT-Full,
168.57043,0.44220,613,3.74713,3.54724,ST-TT-Full,
168.84485,0.26758,614,3.29156,3.49073,TT-Full,
169.11975,0.08716,615,3.59006,3.54826,ST-Full,
171.93274,2.80634,616,3.57749,3.53060,ST-TT-Full,
172.64307,0.70325,617,3.50066,3.44981,ST-TT-Full,
172.94403,0.29413,618,3.50576,3.47082,TT-Full,
173.22583,0.27490,619,3.52835,3.52877,ST-TT-Full,
173.43329,0.20105,620,3.52851,3.48316,TT-Full,
174.33081,0.89062,621,3.65076,3.47396,ST-TT-Full,
174.58521,0.24792,622,3.53582,3.53674,ST-Full,
175.30200,0.70966,623,3.47414,3.57572,ST-TT-Full,
176.68170,1.37262,624,3.52158,3.39188,TT-Full,
176.90997,0.22101,625,3.44178,3.53674,ST-TT-Full,
177.13098,0.21436,626,3.45820,3.51266,ST-Full,
177.40546,0.26764,627,3.46169,3.50662,ST-TT-Full,
177.66644,0.25415,628,3.76112,3.94405,ST-Full,
178.05542,0.36176,629,3.91885,3.94459,ST-Full-W3-W12,
178.39648,0.33447,630,2.73274,3.40041,ST-Full-W12-W13,
178.83862,0.19342,631,3.08875,3.48150,TT-Full,
179.23431,0.18768,632,3.50994,3.48786,TT-Full,
179.74945,0.50848,633,3.47140,3.40782,ST-Full,
180.21204,0.43542,634,3.80040,4.06100,ST-Full-W2-W12,
180.45325,0.23450,635,3.94328,3.88695,ST-Full-W4,
180.67438,0.21460,636,3.88404,3.78461,ST-Full-W5,
180.82800,0.14685,637,3.76588,3.55834,ST-Full-W4,
181.13660,0.28174,638,3.68323,3.47879,ST-TT-Full,
181.47162,0.32861,639,3.57672,3.51007,ST-Full,
182.28204,0.80432,640,3.56230,3.36243,ST-TT-Full,
183.36676,1.07788,641,3.66731,3.47505,ST-TT-Full,
183.72858,0.35510,642,3.62920,3.58211,TT-Full,
183.90924,0.17371,643,3.54819,3.53555,TT-Full,
185.01471,1.09869,644,3.63067,3.60966,TT-Full,
185.50397,0.48169,645,3.62963,3.40316,TT-Full,
186.24036,0.72955,646,3.50038,3.46406,TT-Full,
186.89001,0.64301,647,3.55970,3.49791,TT-Full,
187.36609,0.46924,648,3.69734,3.50806,TT-Full,
187.59381,0.22101,649,3.54462,3.61756,TT-Full,
187.82159,0.22113,650,3.57242,3.59307,ST-Full,
188.11609,0.28784,651,3.69405,3.57985,TT-Full,
188.49811,0.37512,652,4.12143,3.75244,ST-Full,
188.71246,0.18799,653,3.82360,3.90649,ST-Full-W2,
189.24786,0.50879,654,3.66866,3.48796,ST-TT-Full,
189.45569,0.20074,655,3.61842,3.47210,ST-TT-Full,
189.80426,0.34161,656,3.56030,3.61702,TT-Full,
190.11902,0.30829,657,3.67875,3.50139,TT-Full,
190.32709,0.20172,658,3.66257,3.57881,ST-TT-Full,
190.50745,0.17389,659,3.68643,3.64374,TT-Full,
190.63428,0.12048,660,3.55035,3.55705,TT-Full,
190.87604,0.23450,661,3.61757,3.50009,TT-Full,
191.09705,0.21442,662,3.59610,3.55352,TT-Full,
191.34485,0.24127,663,3.50293,3.46495,ST-Full,
191.48505,0.13403,664,3.60038,3.76405,TT-Full,
191.69318,0.18121,665,3.65561,3.49761,ST-Full-W12,
191.86737,0.14795,666,3.67984,3.43227,ST-Full,
192.18884,0.31488,667,3.54670,3.64398,ST-TT-Full,
192.45685,0.24176,668,3.97922,3.82456,ST-Full-W4-W13,
192.97260,0.50903,669,3.98615,3.78590,ST-Full-W2,
193.11987,0.14056,670,2.19327,3.73061,ST-Full-W12,
193.43481,0.10742,671,2.71980,2.53190,ST-Full,
193.58179,0.14050,672,2.69209,2.81011,ST-Full,
193.66925,0.08087,673,2.75847,2.73206,ST-Full-W11,
193.79614,0.08032,674,2.65435,2.64088,,
193.87018,0.04724,675,3.22637,2.53585,ST-Full,
194.31232,0.25488,676,3.09256,2.67903,,
194.48639,0.16766,677,2.99521,2.59828,,
194.67352,0.14020,678,2.69169,2.76944,ST-Full-W4,
194.83478,0.13434,679,2.49828,2.71516,ST-Full,
195.15625,0.15411,680,2.88993,2.69348,ST-Full,
195.34332,0.18036,681,2.67902,2.46675,ST-Full,
195.53802,0.18799,682,2.89385,2.50807,ST-Full,
195.67828,0.11365,683,3.08382,2.55576,ST-Full-W5,
195.97992,0.23450,684,3.07330,2.61919,ST-Full-W6,
196.07397,0.08734,685,3.05901,2.69804,ST-Full-W6,
196.20734,0.08685,686,2.83298,2.58539,ST-Full-W6,
196.28827,0.03351,687,2.85202,2.49712,,
196.40216,0.08710,688,2.76011,2.61946,ST-Full,
196.55005,0.12103,689,3.71993,3.74721,ST-TT-Full,
196.75140,0.19556,690,3.63199,3.77669,TT-Full,
197.09863,0.34204,691,3.65756,3.54911,ST-TT-Full,
197.40692,0.30200,692,3.71470,3.53621,TT-Full,
197.70807,0.29504,693,3.71588,3.56561,TT-Full,
197.85571,0.14062,694,3.82433,3.56575,TT-Full,
198.07635,0.21448,695,3.76944,3.60000,TT-Full,
198.25806,0.17499,696,3.77758,3.71121,TT-Full,
198.49200,0.22742,697,3.67476,3.70246,TT-Full,
198.59918,0.10046,698,3.76509,3.67798,TT-Full,
199.19489,0.58899,699,3.72712,3.69237,TT-Full,
199.46326,0.26166,700,3.74371,3.56958,TT-Full,
200.03259,0.56262,701,3.79807,3.64308,TT-Full,
201.66034,1.62097,702,3.78687,3.63854,TT-Full,
202.06171,0.39465,703,3.67854,3.78035,TT-Full,
202.20953,0.14062,704,3.70011,3.70322,TT-Full,
202.61102,0.37463,705,3.93933,4.00012,ST-Full-W12,
202.88617,0.26794,706,3.80110,3.78824,ST-Full-W4,
203.11383,0.14087,707,3.81691,3.50421,TT-Full,
203.50909,0.38855,708,3.62958,3.37736,TT-Full,
203.57611,0.06042,709,3.66405,3.14437,TT-Full,
203.90411,0.16052,710,3.13541,2.67805,ST-Full,
204.07172,0.14099,711,3.01414,2.57511,ST-Full-W8,
204.25250,0.15417,712,3.06089,2.42263,ST-Full-W5,
204.59369,0.23438,713,3.16624,2.61397,ST-Full-W5-W6,
204.68085,0.08020,714,3.10785,2.49593,ST-Full-W6,
204.97614,0.20776,715,2.95149,2.66460,ST-Full-W8,
205.02301,0.04028,716,3.06668,2.67751,,
205.12982,0.08020,717,3.07871,2.69970,,
205.35748,0.20068,718,3.33111,2.67986,ST-Full-W6,
205.53839,0.17383,719,2.93085,2.60919,ST-Full-W6,
205.70612,0.16125,720,3.06060,2.55624,ST-Full-W8,
205.94733,0.23450,721,3.09205,2.61620,ST-Full-W8,
206.03436,0.04016,722,2.93726,2.74058,,
206.17511,0.09412,723,2.96780,2.63459,,
206.40277,0.18140,724,2.91016,2.73634,,
206.62384,0.15442,725,2.91236,2.72330,,
206.87128,0.24084,726,2.99868,2.74021,,
207.01849,0.14038,727,2.87620,2.73631,,
207.26691,0.22144,728,3.03394,2.84770,ST-TT-Full,
207.38739,0.11377,729,2.93898,2.77970,TT-Full,
207.59503,0.20093,730,2.71937,2.86441,ST-Full,
207.90985,0.30859,731,2.87653,2.84097,ST-Full,
208.07709,0.16089,732,2.81192,2.91537,ST-TT-Full,
208.27838,0.19458,733,2.67540,2.76087,ST-Full,
208.46613,0.18115,734,2.68381,2.71979,ST-Full,
208.78070,0.30811,735,2.77587,2.89293,ST-Full,
209.02155,0.17383,736,2.92763,2.94503,,
209.20868,0.17981,737,2.91895,2.98583,,
209.53033,0.31433,738,2.98213,2.87166,,
210.44855,0.91138,739,2.92982,2.85115,,
210.65619,0.20093,740,2.94003,2.84654,,
210.93085,0.26794,741,2.97629,2.79959,,
211.35956,0.42249,742,2.95137,2.93193,,
212.58539,1.21924,743,3.06258,2.95617,,
212.76593,0.17432,744,3.05416,3.09471,,
212.92657,0.15369,745,3.15220,3.01373,,
213.11444,0.18115,746,3.00762,2.92576,,
213.40887,0.28772,747,3.05968,2.87396,,
213.61688,0.20105,748,3.09442,3.01012,,
213.67047,0.02698,749,3.06099,2.98922,,
213.84454,0.16736,750,3.10485,3.03310,,
214.14569,0.29443,751,2.99587,3.04321,,
214.41376,0.26147,752,2.98270,2.99626,,
214.64178,0.22107,753,3.02294,3.02505,,
214.84943,0.16113,754,3.22844,2.95122,ST-Full,
215.11017,0.23413,755,3.13010,2.87414,ST-Full-W7,
215.27142,0.15430,756,3.02684,2.91335,ST-Full-W6,
215.42548,0.08716,757,3.07963,2.92389,,
215.67303,0.24097,758,3.16054,3.04880,,
215.79327,0.11377,759,3.17225,2.98067,,
215.88080,0.08081,760,3.41317,2.84100,,
216.05511,0.16748,761,3.04999,3.07566,TT-Full,
216.24213,0.18030,762,2.95350,2.84753,TT-Full,
216.51727,0.26794,763,2.93623,2.74282,ST-TT-Full,
216.65790,0.13391,764,2.99356,2.83585,ST-Full,
216.76471,0.10071,765,2.85198,2.88950,ST-Full,
216.95941,0.18799,766,2.79631,2.67035,ST-Full,
217.22015,0.25415,767,2.84392,2.81382,ST-TT-Full,
217.42767,0.20056,768,3.27310,2.83512,ST-TT-Full,
217.78961,0.23462,769,3.00955,2.84830,,
218.19818,0.40186,770,3.05514,2.91605,,
218.43256,0.22766,771,3.10805,2.94238,,
218.74738,0.30823,772,3.04766,2.80484,,
219.24994,0.49561,773,3.11149,3.07564,,
219.55133,0.29456,774,3.13430,2.98587,,
219.67889,0.12061,775,3.12890,2.99776,,
219.85919,0.17371,776,3.13043,2.91185,,
220.08026,0.21436,777,3.12458,2.91887,,
220.29474,0.20764,778,3.18454,2.88487,,
220.45563,0.15405,779,3.15778,3.11659,,
220.84406,0.38147,780,3.14534,2.89899,,
220.97845,0.12781,781,3.04437,2.97601,,
221.36688,0.38184,782,3.11702,2.93797,,
221.82220,0.42908,783,3.05334,2.99434,,
221.98260,0.15405,784,3.11584,2.92582,,
222.38458,0.39478,785,3.14190,2.88896,,
222.65289,0.26160,786,3.14274,2.89000,,
222.75348,0.09387,787,3.17050,2.79428,,
222.96771,0.18799,788,3.09499,2.89873,TT-Full,
223.32269,0.34827,789,2.99960,2.78792,ST-TT-Full,
224.07269,0.53601,790,3.55002,3.53929,TT-Full,
224.16656,0.08679,791,3.55824,3.49241,ST-Full,
224.50140,0.32812,792,4.06749,3.22175,ST-Full,
227.65619,3.10767,793,4.15695,4.13572,TT-Full,
227.94464,0.22107,794,3.98454,3.86159,ST-Full-W5-W13,
228.19208,0.24072,795,4.07192,4.01940,ST-Full-W12,
228.32599,0.12720,796,3.91220,4.15679,ST-Full-W3,
228.58087,0.24817,797,3.79300,3.84722,ST-Full-W4,
228.76813,0.18066,798,3.88207,4.00913,ST-Full-W5-W14,
228.90887,0.13367,799,3.52320,3.68654,ST-Full-W5,
229.03644,0.08105,800,3.92684,3.37189,TT-Full,
229.29059,0.22729,801,3.80184,3.30478,TT-Full,
230.06769,0.76990,802,3.87183,3.35272,TT-Full,
230.26959,0.13464,803,3.68460,3.73100,ST-Full-W14,
230.60394,0.32886,804,3.77072,3.90166,ST-Full-W5-W13,
230.75128,0.14111,805,3.88306,4.05084,ST-Full-W4,
230.91205,0.15454,806,3.83426,3.42323,ST-Full-W5,
231.38702,0.42822,807,3.71728,3.54013,TT-Full,
231.68256,0.20789,808,3.50206,3.60755,TT-Full,
232.04352,0.35449,809,3.53750,3.57415,TT-Full,
232.37213,0.30127,810,3.96168,4.07845,ST-Full-W13,
232.72687,0.34827,811,3.87580,4.10957,ST-Full-W3-W12,
233.08893,0.35498,812,3.95090,4.11202,ST-Full-W2,
233.24274,0.14734,813,3.94210,3.93829,ST-Full-W4,
233.36310,0.11255,814,3.87169,3.91419,ST-Full-W4-W13,
233.60419,0.23450,815,3.94027,4.02491,ST-Full-W13-W14,
233.76544,0.15454,816,3.88360,4.12352,ST-Full-W5,
233.97980,0.20789,817,3.97328,4.00835,ST-Full-W4,
234.12054,0.11401,818,3.95137,4.08711,ST-Full-W6-W7,
234.24738,0.12061,819,4.04646,4.18455,ST-Full-W6,
234.34772,0.09363,820,4.04106,4.27680,ST-Full-W8,
234.50909,0.15442,821,4.03503,3.27073,ST-Full-W8,
234.71613,0.20044,822,4.02231,3.32805,ST-Full-W9,
234.91718,0.19385,823,3.79652,4.18807,ST-Full-W10,
235.15204,0.18750,824,4.01472,3.87911,ST-Full-W1,
235.29266,0.13391,825,3.05766,3.97608,ST-Full-W12,
235.70795,0.22766,826,3.20692,2.54488,ST-Full-W5,
235.92914,0.21448,827,2.98889,2.65117,ST-Full-W6,
236.30414,0.22778,828,3.19582,2.67326,ST-Full-W8,
236.40460,0.09387,829,3.17374,2.60610,ST-Full,
236.56537,0.15454,830,3.03067,2.75315,ST-Full-W5,
236.75238,0.16028,831,3.34996,3.65913,ST-Full-W3,
237.00043,0.22131,832,3.90546,3.62526,TT-Full,
237.20172,0.17419,833,3.54419,3.32124,TT-Full,
237.35553,0.14709,834,4.01891,3.21600,,
237.52972,0.14697,835,3.70794,3.26430,TT-Full,
237.64386,0.10742,836,3.83015,3.16942,TT-Full,
237.83807,0.18799,837,3.78754,3.14530,TT-Full,
237.95868,0.11389,838,3.92717,3.14460,TT-Full,
238.07257,0.10693,839,3.74256,3.01424,ST-Full,
238.27350,0.19434,840,3.64363,3.90065,TT-Full,
238.44061,0.16052,841,3.57164,3.67873,TT-Full,
238.64154,0.19373,842,3.49379,3.63261,TT-Full,
238.83588,0.18787,843,3.33069,3.46053,TT-Full,
239.06378,0.22131,844,3.38343,3.56941,TT-Full,
239.26471,0.19446,845,3.50194,3.53138,TT-Full,
239.47919,0.20776,846,3.39995,3.54774,TT-Full,
239.70660,0.22083,847,3.31859,3.48744,TT-Full,
239.92755,0.21411,848,3.35270,3.62447,ST-Full,
240.17548,0.24072,849,3.41215,3.57817,TT-Full,
240.38995,0.20789,850,3.58042,3.56339,ST-TT-Full,
240.69159,0.29468,851,3.56309,3.43046,ST-Full,
240.91266,0.21472,852,3.42480,3.51848,ST-TT-Full,
241.11981,0.20044,853,3.46820,3.44747,TT-Full,
241.38751,0.24048,854,3.55624,3.42957,TT-Full,
241.61542,0.22083,855,3.69565,3.51333,ST-TT-Full,
241.87714,0.25500,856,3.49331,3.40806,TT-Full,
242.13849,0.17468,857,4.06812,3.36919,TT-Full,
242.27875,0.13354,858,4.23154,3.37481,TT-Full,
242.55377,0.26819,859,3.93927,3.31014,TT-Full,
242.90875,0.34827,860,3.56454,3.47554,TT-Full,
243.02887,0.11353,861,3.54078,3.36018,Full,
243.16962,0.13416,862,3.60386,3.43749,,
243.31061,0.13391,863,4.00389,3.43940,,
243.83307,0.51575,864,4.06996,3.48283,TT-Full,
244.56293,0.72327,865,3.60201,3.45026,TT-Full,
244.73065,0.16089,866,3.69991,3.39890,TT-Full,
245.02496,0.28760,867,3.83606,3.15861,TT-Full,
245.48041,0.12720,868,2.79851,2.41714,TT-Full,
245.97650,0.48889,869,2.69036,2.46338,ST-TT-Full,
246.15717,0.17383,870,2.59209,2.44905,ST-Full,
246.65924,0.43579,871,2.79370,2.93404,,
246.74689,0.08069,872,2.88801,2.89738,Full,
246.92108,0.14771,873,3.19389,2.81498,ST-Full-W9,
247.23541,0.30774,874,3.09372,2.83952,ST-Full-W8,
248.10687,0.86426,875,3.11841,2.79733,ST-Full,
248.31403,0.20117,876,3.19288,2.84101,ST-Full,
248.64203,0.32153,877,3.22000,2.71047,ST-Full,
248.78986,0.10046,878,3.25026,2.68111,,
248.93695,0.14062,879,3.22843,2.58993,,
249.02435,0.08057,880,3.13465,2.89807,,
249.23871,0.18811,881,3.09032,2.65876,ST-Full,
250.02179,0.77649,882,3.20362,2.71649,ST-Full-W8,
250.33722,0.30823,883,3.28664,2.72449,ST-Full-W6,
250.79266,0.44873,884,3.07859,2.55000,ST-Full-W6,
250.98016,0.18079,885,3.15397,2.73358,ST-Full-W6,
251.11420,0.10718,886,2.93335,2.80200,TT-Full,
251.30133,0.18079,887,3.02842,2.89907,TT-Full,
251.44867,0.14075,888,2.88934,2.82564,ST-TT-Full,
251.52289,0.06702,889,2.91582,2.98745,TT-Full,
251.73016,0.18066,890,3.08192,3.02700,,
251.82416,0.02673,891,3.06928,2.82677,,
252.29291,0.44214,892,3.08651,3.00004,,
252.76202,0.46216,893,2.87714,2.91331,Full,
253.27142,0.50293,894,3.07459,2.78439,TT-Full,
253.95428,0.67700,895,3.03143,3.02456,TT-Full,
254.36249,0.40161,896,3.26733,2.99631,,
254.55707,0.16736,897,2.99300,2.90484,ST-Full,
254.76471,0.18079,898,2.92166,2.93689,ST-TT-Full,
254.89825,0.10693,899,2.91885,2.85258,ST-Full,
255.02557,0.12061,900,2.89635,2.81025,ST-Full,
255.21356,0.16077,901,2.77193,2.77589,ST-TT-Full,
255.37421,0.15393,902,2.92540,2.74125,TT-Full,
255.66864,0.18713,903,2.86412,3.03008,,
255.86346,0.18811,904,3.00225,3.09763,TT-Full,
256.03021,0.16016,905,3.04904,3.13186,,
256.14471,0.10718,906,3.05732,2.96763,TT-Full,
256.33160,0.18030,907,3.13545,2.98270,,
256.49969,0.16101,908,3.15853,3.08388,,
256.62689,0.12048,909,3.15201,2.99959,,
256.81451,0.14050,910,3.16031,3.00017,,
257.39667,0.57568,911,3.15709,3.03751,,
257.59125,0.18726,912,3.17290,2.98344,,
257.73883,0.14062,913,3.18489,3.06631,,
258.06708,0.32227,914,3.17846,3.05274,,
258.30133,0.22766,915,3.19031,2.94094,,
258.49542,0.18750,916,3.24666,2.92317,,
258.71674,0.21436,917,3.25589,2.93015,,
258.87726,0.15381,918,3.35140,2.87574,,
259.20526,0.09998,919,2.73220,2.77887,,
259.48041,0.26831,920,2.76455,2.69676,,
260.09015,0.42224,921,3.14312,2.97260,,
261.02740,0.93079,922,3.09928,2.95889,,
261.42328,0.38892,923,3.17279,3.14214,,
262.05206,0.62268,924,3.19427,3.22288,,
262.53497,0.45557,925,3.19142,3.11886,,
262.75592,0.13391,926,3.00119,2.77542,,
262.92999,0.16736,927,2.90403,2.84090,,
263.05023,0.11401,928,2.84685,3.13089,,
263.17120,0.11377,929,2.82132,2.97322,,
263.29840,0.12048,930,2.66486,2.92169,,
263.65997,0.17444,931,3.13835,3.18859,,
263.90131,0.23450,932,2.99800,3.03873,,
264.04144,0.09326,933,2.84614,2.90157,ST-Full,
264.14886,0.10071,934,2.84667,2.80601,ST-Full,
264.42377,0.24780,935,3.44979,2.92743,ST-Full,
264.56439,0.09424,936,3.27744,2.96252,,
264.89215,0.22095,937,2.86011,2.63212,ST-Full-W5,
265.08807,0.18896,938,2.68529,2.70882,ST-Full,
265.20697,0.11389,939,1.44851,2.50551,ST-Full,
265.96381,0.14685,940,2.77080,2.55619,ST-Full,
266.07770,0.08740,941,3.10990,2.55185,ST-Full,
266.27228,0.18787,942,3.92845,3.98063,TT-Full,
266.40594,0.08667,943,3.64124,3.77064,ST-Full,
266.52008,0.10718,944,3.99977,3.74498,TT-Full,
266.95551,0.40881,945,3.96222,3.86487,TT-Full,
267.15668,0.19446,946,4.02923,3.63879,TT-Full,
267.33051,0.16699,947,3.92137,4.09053,TT-Full,
267.54474,0.20764,948,3.79032,3.74119,TT-Full,
267.73883,0.18726,949,3.85457,3.76540,TT-Full,
267.93365,0.18799,950,3.85627,3.70797,TT-Full,
268.15472,0.21448,951,3.76899,3.72134,ST-TT-Full,
268.40204,0.24060,952,3.69055,3.65749,TT-Full,
268.56964,0.16089,953,3.79961,3.77217,TT-Full,
268.83795,0.26160,954,3.72499,3.64986,TT-Full,
269.06573,0.16101,955,4.30482,3.69372,TT-Full,
269.36053,0.28821,956,4.04641,3.21481,TT-Full,
269.74188,0.22778,957,3.97619,3.95440,ST-Full-W12,
270.00995,0.24109,958,4.05439,3.77192,ST-Full-W14,
270.21771,0.16101,959,3.77772,3.74231,TT-Full,
270.35846,0.13403,960,4.22510,3.68814,TT-Full,
270.45856,0.09363,961,3.78314,3.60789,TT-Full,
270.82013,0.33435,962,3.98825,4.24227,TT-Full,
271.16864,0.32166,963,3.84998,3.73344,TT-Full,
271.44366,0.22766,964,3.96049,3.81424,ST-TT-Full,
271.79181,0.34143,965,4.10290,3.76373,TT-Full,
272.02643,0.22778,966,3.90626,4.10706,TT-Full,
272.20721,0.17468,967,3.87694,4.15358,TT-Full,
272.44171,0.22778,968,3.93421,3.61987,TT-Full,
272.76996,0.30090,969,4.07848,3.97057,TT-Full,
272.94354,0.14709,970,3.88139,3.90702,TT-Full,
273.19183,0.24109,971,3.98983,3.71737,TT-Full,
273.35223,0.15369,972,3.88184,4.00867,TT-Full,
273.62726,0.24841,973,3.60761,3.73472,TT-Full,
273.82843,0.19409,974,3.57756,3.76480,TT-Full,
273.99567,0.16089,975,3.80455,3.75804,TT-Full,
274.20331,0.20093,976,3.58194,3.75695,ST-TT-Full,
274.44452,0.23474,977,3.42486,3.61459,ST-Full,
274.71222,0.26147,978,3.51928,3.65483,TT-Full,
275.24176,0.46228,979,4.14191,3.63897,TT-Full,
275.56268,0.29407,980,3.74835,3.68220,Full,
275.75739,0.18799,981,3.60752,3.63511,,
275.99860,0.21497,982,3.62120,3.60347,,
276.21283,0.16748,983,3.69602,3.59610,,
276.31342,0.09436,984,3.55163,3.67046,,
276.58136,0.26172,985,3.70981,3.66974,,
277.07025,0.46228,986,3.92233,3.96567,,
277.20343,0.12671,987,4.04585,3.77743,,
277.43146,0.22058,988,3.98097,4.01560,,
277.52594,0.08765,989,4.27416,4.05982,,
277.67975,0.14734,990,4.11723,4.29769,,
277.94781,0.24121,991,4.49922,4.36425,,
278.36969,0.41528,992,4.46754,4.31727,,
278.79169,0.41528,993,4.34988,4.14996,,
278.89862,0.10059,994,4.20055,4.22636,,
279.36078,0.45520,995,3.54591,4.20765,,
279.54865,0.18079,996,3.73659,3.77087,,
279.69598,0.12073,997,3.40197,3.53777,,
279.95697,0.25464,998,3.52825,3.48877,,
280.28546,0.32153,999,3.37163,3.66569,,
280.66681,0.37512,1000,3.40620,3.61453,,
281.04865,0.37512,1001,3.21813,3.49047,,
281.14935,0.09399,1002,3.62821,3.56919,,
281.34406,0.16809,1003,3.55529,3.51633,,
281.60504,0.25464,1004,3.60950,3.34854,,
281.85236,0.24133,1005,3.44336,3.55126,,
282.10638,0.24683,1006,3.45423,3.50419,,
282.56293,0.40955,1007,3.66693,3.43943,,
282.95148,0.36182,1008,3.47307,3.32999,,
283.42010,0.26086,1009,3.44944,3.33588,,
283.56781,0.12085,1010,3.91691,3.65044,,
283.67462,0.10046,1011,3.36593,3.45980,,
283.91571,0.21448,1012,3.64248,3.52408,,
284.21735,0.29517,1013,3.56269,3.44818,,
284.76666,0.54309,1014,3.54497,3.48182,,
285.24188,0.44849,1015,3.08024,3.07471,,
285.64398,0.19434,1016,3.68347,3.72688,,
285.91168,0.26074,1017,3.56496,3.61044,,
286.00580,0.08740,1018,3.49071,3.42994,,
286.27313,0.26062,1019,3.56763,3.45058,,
286.46124,0.18103,1020,3.55125,3.39432,,
286.95685,0.29517,1021,3.73678,3.78342,,
287.26752,0.30396,1022,3.77771,3.76640,,
287.37848,0.10730,1023,3.75312,3.67563,,